catalogo_id,dataset_id,distribucion_id,serie_id,indice_tiempo_frecuencia,serie_titulo,serie_unidades,serie_descripcion,distribucion_titulo,distribucion_descripcion,distribucion_url_descarga,dataset_responsable,dataset_fuente,dataset_titulo,dataset_descripcion,dataset_tema,serie_indice_inicio,serie_indice_final,serie_valores_cant,serie_dias_no_cubiertos,serie_actualizada,serie_valor_ultimo,serie_valor_anterior,serie_var_pct_anterior,serie_discontinuada,consultas_total,consultas_30_dias,consultas_90_dias,consultas_180_dias
energia,590d1284-fd6d-4686-afd8-b3da5d90a6e9,0d1af33c-2791-4114-a276-51fe70478a09,PROD_GAS_SESCO_1,R/P1M,produccion_gas_natural_cuenca_austral,Mm3,Cuenca Austral,Serie hist√≥rica de producci√≥n de Gas Natural por cuenca (SESCO Upstream),Secretar√≠a de Energ√≠a. Subsecretar√≠a de Transici√≥n y Planeamiento Energ√©tico. Direcci√≥n Nacional de Escenarios y Evaluaci√≥n de Proyectos. Direcci√≥n de Informaci√≥n Energ√©tica.Tecnolog√≠a de la Informaci√≥n.,http://datos.energia.gob.ar/dataset/590d1284-fd6d-4686-afd8-b3da5d90a6e9/resource/0d1af33c-2791-4114-a276-51fe70478a09/download/serie-produccion-gas-natural-sesco.csv,Producci√≥n de Petr√≥leo y Gas (SESCO),,Producci√≥n de Petr√≥leo y Gas (SESCO),Producci√≥n de Petr√≥leo y Gas (SESCO).,Exploraci√≥n y Producci√≥n de Hidrocarburos,2009-01-01,2018-07-01,115,2484,False,1028389.642,987555.6653,0.041348531667422916,False,2720,35,71,148
energia,590d1284-fd6d-4686-afd8-b3da5d90a6e9,0d1af33c-2791-4114-a276-51fe70478a09,PROD_GAS_SESCO_2,R/P1M,produccion_gas_natural_cuenca_gsj,Mm3,Cuenca Golfo San Jorge,Serie hist√≥rica de producci√≥n de Gas Natural por cuenca (SESCO Upstream),Secretar√≠a de Energ√≠a. Subsecretar√≠a de Transici√≥n y Planeamiento Energ√©tico. Direcci√≥n Nacional de Escenarios y Evaluaci√≥n de Proyectos. Direcci√≥n de Informaci√≥n Energ√©tica.Tecnolog√≠a de la Informaci√≥n.,http://datos.energia.gob.ar/dataset/590d1284-fd6d-4686-afd8-b3da5d90a6e9/resource/0d1af33c-2791-4114-a276-51fe70478a09/download/serie-produccion-gas-natural-sesco.csv,Producci√≥n de Petr√≥leo y Gas (SESCO),,Producci√≥n de Petr√≥leo y Gas (SESCO),Producci√≥n de Petr√≥leo y Gas (SESCO).,Exploraci√≥n y Producci√≥n de Hidrocarburos,2009-01-01,2018-07-01,115,2484,False,416505.9602,400417.4323,0.040179389312766434,False,2407,34,70,146
energia,590d1284-fd6d-4686-afd8-b3da5d90a6e9,0d1af33c-2791-4114-a276-51fe70478a09,PROD_GAS_SESCO_3,R/P1M,produccion_gas_natural_cuenca_neuquina,Mm3,Cuenca Neuquina,Serie hist√≥rica de producci√≥n de Gas Natural por cuenca (SESCO Upstream),Secretar√≠a de Energ√≠a. Subsecretar√≠a de Transici√≥n y Planeamiento Energ√©tico. Direcci√≥n Nacional de Escenarios y Evaluaci√≥n de Proyectos. Direcci√≥n de Informaci√≥n Energ√©tica.Tecnolog√≠a de la Informaci√≥n.,http://datos.energia.gob.ar/dataset/590d1284-fd6d-4686-afd8-b3da5d90a6e9/resource/0d1af33c-2791-4114-a276-51fe70478a09/download/serie-produccion-gas-natural-sesco.csv,Producci√≥n de Petr√≥leo y Gas (SESCO),,Producci√≥n de Petr√≥leo y Gas (SESCO),Producci√≥n de Petr√≥leo y Gas (SESCO).,Exploraci√≥n y Producci√≥n de Hidrocarburos,2009-01-01,2018-07-01,115,2484,False,2465434.418,2400797.888,0.026922936879891335,False,2636,32,66,140
energia,590d1284-fd6d-4686-afd8-b3da5d90a6e9,0d1af33c-2791-4114-a276-51fe70478a09,PROD_GAS_SESCO_4,R/P1M,produccion_gas_natural_cuenca_noroeste,Mm3,Cuenca Noroeste,Serie hist√≥rica de producci√≥n de Gas Natural por cuenca (SESCO Upstream),Secretar√≠a de Energ√≠a. Subsecretar√≠a de Transici√≥n y Planeamiento Energ√©tico. Direcci√≥n Nacional de Escenarios y Evaluaci√≥n de Proyectos. Direcci√≥n de Informaci√≥n Energ√©tica.Tecnolog√≠a de la Informaci√≥n.,http://datos.energia.gob.ar/dataset/590d1284-fd6d-4686-afd8-b3da5d90a6e9/resource/0d1af33c-2791-4114-a276-51fe70478a09/download/serie-produccion-gas-natural-sesco.csv,Producci√≥n de Petr√≥leo y Gas (SESCO),,Producci√≥n de Petr√≥leo y Gas (SESCO),Producci√≥n de Petr√≥leo y Gas (SESCO).,Exploraci√≥n y Producci√≥n de Hidrocarburos,2009-01-01,2018-07-01,115,2484,False,181561.408,176058.588,0.03125561815820088,False,2478,31,67,144
energia,590d1284-fd6d-4686-afd8-b3da5d90a6e9,0d1af33c-2791-4114-a276-51fe70478a09,PROD_GAS_SESCO_5,R/P1M,produccion_gas_natural_cuenca_cuyana,Mm3,Cuenca Cuyana,Serie hist√≥rica de producci√≥n de Gas Natural por cuenca (SESCO Upstream),Secretar√≠a de Energ√≠a. Subsecretar√≠a de Transici√≥n y Planeamiento Energ√©tico. Direcci√≥n Nacional de Escenarios y Evaluaci√≥n de Proyectos. Direcci√≥n de Informaci√≥n Energ√©tica.Tecnolog√≠a de la Informaci√≥n.,http://datos.energia.gob.ar/dataset/590d1284-fd6d-4686-afd8-b3da5d90a6e9/resource/0d1af33c-2791-4114-a276-51fe70478a09/download/serie-produccion-gas-natural-sesco.csv,Producci√≥n de Petr√≥leo y Gas (SESCO),,Producci√≥n de Petr√≥leo y Gas (SESCO),Producci√≥n de Petr√≥leo y Gas (SESCO).,Exploraci√≥n y Producci√≥n de Hidrocarburos,2009-01-01,2018-07-01,115,2484,False,4179.3431,4027.7239,0.037643891131663665,False,2586,32,69,150
energia,590d1284-fd6d-4686-afd8-b3da5d90a6e9,0d1af33c-2791-4114-a276-51fe70478a09,PROD_GAS_SESCO_6,R/P1M,produccion_gas_natural_total,Mm3,Total,Serie hist√≥rica de producci√≥n de Gas Natural por cuenca (SESCO Upstream),Secretar√≠a de Energ√≠a. Subsecretar√≠a de Transici√≥n y Planeamiento Energ√©tico. Direcci√≥n Nacional de Escenarios y Evaluaci√≥n de Proyectos. Direcci√≥n de Informaci√≥n Energ√©tica.Tecnolog√≠a de la Informaci√≥n.,http://datos.energia.gob.ar/dataset/590d1284-fd6d-4686-afd8-b3da5d90a6e9/resource/0d1af33c-2791-4114-a276-51fe70478a09/download/serie-produccion-gas-natural-sesco.csv,Producci√≥n de Petr√≥leo y Gas (SESCO),,Producci√≥n de Petr√≥leo y Gas (SESCO),Producci√≥n de Petr√≥leo y Gas (SESCO).,Exploraci√≥n y Producci√≥n de Hidrocarburos,2009-01-01,2018-07-01,115,2484,False,4096070.772,3968857.298,0.032052922150692,False,2688,42,86,177
energia,590d1284-fd6d-4686-afd8-b3da5d90a6e9,0d1af33c-2791-4114-a276-51fe70478a09,PROD_GAS_SESCO_7,R/P1M,produccion_gas_natural_total_diario,MMm3/d,Total diario en MMm3/d,Serie hist√≥rica de producci√≥n de Gas Natural por cuenca (SESCO Upstream),Secretar√≠a de Energ√≠a. Subsecretar√≠a de Transici√≥n y Planeamiento Energ√©tico. Direcci√≥n Nacional de Escenarios y Evaluaci√≥n de Proyectos. Direcci√≥n de Informaci√≥n Energ√©tica.Tecnolog√≠a de la Informaci√≥n.,http://datos.energia.gob.ar/dataset/590d1284-fd6d-4686-afd8-b3da5d90a6e9/resource/0d1af33c-2791-4114-a276-51fe70478a09/download/serie-produccion-gas-natural-sesco.csv,Producci√≥n de Petr√≥leo y Gas (SESCO),,Producci√≥n de Petr√≥leo y Gas (SESCO),Producci√≥n de Petr√≥leo y Gas (SESCO).,Exploraci√≥n y Producci√≥n de Hidrocarburos,2009-01-01,2018-07-01,115,2484,False,132.1313152,132.2952433,-0.0012391080428212353,False,2546,34,68,142
energia,590d1284-fd6d-4686-afd8-b3da5d90a6e9,0d1af33c-2791-4114-a276-51fe70478a09,PROD_GAS_SESCO_8,R/P1M,pozos_terminados,Cantidad de pozos,Pozos terminados,Serie hist√≥rica de producci√≥n de Gas Natural por cuenca (SESCO Upstream),Secretar√≠a de Energ√≠a. Subsecretar√≠a de Transici√≥n y Planeamiento Energ√©tico. Direcci√≥n Nacional de Escenarios y Evaluaci√≥n de Proyectos. Direcci√≥n de Informaci√≥n Energ√©tica.Tecnolog√≠a de la Informaci√≥n.,http://datos.energia.gob.ar/dataset/590d1284-fd6d-4686-afd8-b3da5d90a6e9/resource/0d1af33c-2791-4114-a276-51fe70478a09/download/serie-produccion-gas-natural-sesco.csv,Producci√≥n de Petr√≥leo y Gas (SESCO),,Producci√≥n de Petr√≥leo y Gas (SESCO),Producci√≥n de Petr√≥leo y Gas (SESCO).,Exploraci√≥n y Producci√≥n de Hidrocarburos,2009-01-01,2018-07-01,115,2484,False,75.0,84.0,-0.1071428571428571,False,2495,42,80,151
energia,590d1284-fd6d-4686-afd8-b3da5d90a6e9,592af749-e0ba-45a2-b2a6-8fe6defd0893,PROD_PET_SESCO_1_1,R/P1M,produccion_petroleo_cuenca_austral,m3,Producci√≥n de petr√≥lo por cuenca Austral,Serie Hist√≥rica de producci√≥n de Petr√≥leo por Cuenca (SESCO Upstream),Secretar√≠a de Energ√≠a. Subsecretar√≠a de Transici√≥n y Planeamiento Energ√©tico. Direcci√≥n Nacional de Escenarios y Evaluaci√≥n de Proyectos. Direcci√≥n de Informaci√≥n Energ√©tica.Tecnolog√≠a de la Informaci√≥n.,http://datos.minem.gob.ar/dataset/590d1284-fd6d-4686-afd8-b3da5d90a6e9/resource/592af749-e0ba-45a2-b2a6-8fe6defd0893/download/serie-produccion-petroleo-sesco.csv,Producci√≥n de Petr√≥leo y Gas (SESCO),,Producci√≥n de Petr√≥leo y Gas (SESCO),Producci√≥n de Petr√≥leo y Gas (SESCO).,Exploraci√≥n y Producci√≥n de Hidrocarburos,2009-01-01,2018-07-01,115,244,False,105556.7305,99238.3144,0.06366911951499254,True,0,0,0,0
energia,590d1284-fd6d-4686-afd8-b3da5d90a6e9,592af749-e0ba-45a2-b2a6-8fe6defd0893,PROD_PET_SESCO_2_1,R/P1M,produccion_petroleo_cuenca_gsj,m3,Producci√≥n de petr√≥lo por cuenca del Golfo de San Jorge,Serie Hist√≥rica de producci√≥n de Petr√≥leo por Cuenca (SESCO Upstream),Secretar√≠a de Energ√≠a. Subsecretar√≠a de Transici√≥n y Planeamiento Energ√©tico. Direcci√≥n Nacional de Escenarios y Evaluaci√≥n de Proyectos. Direcci√≥n de Informaci√≥n Energ√©tica.Tecnolog√≠a de la Informaci√≥n.,http://datos.minem.gob.ar/dataset/590d1284-fd6d-4686-afd8-b3da5d90a6e9/resource/592af749-e0ba-45a2-b2a6-8fe6defd0893/download/serie-produccion-petroleo-sesco.csv,Producci√≥n de Petr√≥leo y Gas (SESCO),,Producci√≥n de Petr√≥leo y Gas (SESCO),Producci√≥n de Petr√≥leo y Gas (SESCO).,Exploraci√≥n y Producci√≥n de Hidrocarburos,2009-01-01,2018-07-01,115,244,False,1126985.706,1096276.682,0.02801211090614064,True,0,0,0,0
energia,590d1284-fd6d-4686-afd8-b3da5d90a6e9,592af749-e0ba-45a2-b2a6-8fe6defd0893,PROD_PET_SESCO_3_1,R/P1M,produccion_petroleo_cuenca_neuquina,m3,Producci√≥n de petr√≥lo por cuenca Neuquina,Serie Hist√≥rica de producci√≥n de Petr√≥leo por Cuenca (SESCO Upstream),Secretar√≠a de Energ√≠a. Subsecretar√≠a de Transici√≥n y Planeamiento Energ√©tico. Direcci√≥n Nacional de Escenarios y Evaluaci√≥n de Proyectos. Direcci√≥n de Informaci√≥n Energ√©tica.Tecnolog√≠a de la Informaci√≥n.,http://datos.minem.gob.ar/dataset/590d1284-fd6d-4686-afd8-b3da5d90a6e9/resource/592af749-e0ba-45a2-b2a6-8fe6defd0893/download/serie-produccion-petroleo-sesco.csv,Producci√≥n de Petr√≥leo y Gas (SESCO),,Producci√≥n de Petr√≥leo y Gas (SESCO),Producci√≥n de Petr√≥leo y Gas (SESCO).,Exploraci√≥n y Producci√≥n de Hidrocarburos,2009-01-01,2018-07-01,115,244,False,1005421.1640000001,977002.1282,0.02908799784536642,True,0,0,0,0
energia,590d1284-fd6d-4686-afd8-b3da5d90a6e9,592af749-e0ba-45a2-b2a6-8fe6defd0893,PROD_PET_SESCO_4_1,R/P1M,produccion_petroleo_cuenca_noroeste,m3,Producci√≥n de petr√≥lo por cuenca del Noroeste,Serie Hist√≥rica de producci√≥n de Petr√≥leo por Cuenca (SESCO Upstream),Secretar√≠a de Energ√≠a. Subsecretar√≠a de Transici√≥n y Planeamiento Energ√©tico. Direcci√≥n Nacional de Escenarios y Evaluaci√≥n de Proyectos. Direcci√≥n de Informaci√≥n Energ√©tica.Tecnolog√≠a de la Informaci√≥n.,http://datos.minem.gob.ar/dataset/590d1284-fd6d-4686-afd8-b3da5d90a6e9/resource/592af749-e0ba-45a2-b2a6-8fe6defd0893/download/serie-produccion-petroleo-sesco.csv,Producci√≥n de Petr√≥leo y Gas (SESCO),,Producci√≥n de Petr√≥leo y Gas (SESCO),Producci√≥n de Petr√≥leo y Gas (SESCO).,Exploraci√≥n y Producci√≥n de Hidrocarburos,2009-01-01,2018-07-01,115,244,False,26906.211,25997.79,0.0349422393211114,True,0,0,0,0
energia,590d1284-fd6d-4686-afd8-b3da5d90a6e9,592af749-e0ba-45a2-b2a6-8fe6defd0893,PROD_PET_SESCO_5_1,R/P1M,produccion_petroleo_cuenca_cuyana,m3,Producci√≥n de petr√≥lo por cuenca Cuyana,Serie Hist√≥rica de producci√≥n de Petr√≥leo por Cuenca (SESCO Upstream),Secretar√≠a de Energ√≠a. Subsecretar√≠a de Transici√≥n y Planeamiento Energ√©tico. Direcci√≥n Nacional de Escenarios y Evaluaci√≥n de Proyectos. Direcci√≥n de Informaci√≥n Energ√©tica.Tecnolog√≠a de la Informaci√≥n.,http://datos.minem.gob.ar/dataset/590d1284-fd6d-4686-afd8-b3da5d90a6e9/resource/592af749-e0ba-45a2-b2a6-8fe6defd0893/download/serie-produccion-petroleo-sesco.csv,Producci√≥n de Petr√≥leo y Gas (SESCO),,Producci√≥n de Petr√≥leo y Gas (SESCO),Producci√≥n de Petr√≥leo y Gas (SESCO).,Exploraci√≥n y Producci√≥n de Hidrocarburos,2009-01-01,2018-07-01,115,244,False,115237.448,113627.31,0.014170343379597883,True,0,0,0,0
energia,590d1284-fd6d-4686-afd8-b3da5d90a6e9,592af749-e0ba-45a2-b2a6-8fe6defd0893,PROD_PET_SESCO_6_1,R/P1M,produccion_petroleo_total,m3,Producci√≥n total de petr√≥leo ,Serie Hist√≥rica de producci√≥n de Petr√≥leo por Cuenca (SESCO Upstream),Secretar√≠a de Energ√≠a. Subsecretar√≠a de Transici√≥n y Planeamiento Energ√©tico. Direcci√≥n Nacional de Escenarios y Evaluaci√≥n de Proyectos. Direcci√≥n de Informaci√≥n Energ√©tica.Tecnolog√≠a de la Informaci√≥n.,http://datos.minem.gob.ar/dataset/590d1284-fd6d-4686-afd8-b3da5d90a6e9/resource/592af749-e0ba-45a2-b2a6-8fe6defd0893/download/serie-produccion-petroleo-sesco.csv,Producci√≥n de Petr√≥leo y Gas (SESCO),,Producci√≥n de Petr√≥leo y Gas (SESCO),Producci√≥n de Petr√≥leo y Gas (SESCO).,Exploraci√≥n y Producci√≥n de Hidrocarburos,2009-01-01,2018-07-01,115,244,False,2380107.26,2312142.225,0.029394833183326252,True,0,0,0,0
energia,590d1284-fd6d-4686-afd8-b3da5d90a6e9,592af749-e0ba-45a2-b2a6-8fe6defd0893,PROD_PET_SESCO_7_1,R/P1M,produccion_petroleo_total_diario,m3,Producci√≥n de petr√≥leo por d√≠a,Serie Hist√≥rica de producci√≥n de Petr√≥leo por Cuenca (SESCO Upstream),Secretar√≠a de Energ√≠a. Subsecretar√≠a de Transici√≥n y Planeamiento Energ√©tico. Direcci√≥n Nacional de Escenarios y Evaluaci√≥n de Proyectos. Direcci√≥n de Informaci√≥n Energ√©tica.Tecnolog√≠a de la Informaci√≥n.,http://datos.minem.gob.ar/dataset/590d1284-fd6d-4686-afd8-b3da5d90a6e9/resource/592af749-e0ba-45a2-b2a6-8fe6defd0893/download/serie-produccion-petroleo-sesco.csv,Producci√≥n de Petr√≥leo y Gas (SESCO),,Producci√≥n de Petr√≥leo y Gas (SESCO),Producci√≥n de Petr√≥leo y Gas (SESCO).,Exploraci√≥n y Producci√≥n de Hidrocarburos,2009-01-01,2018-07-01,115,244,False,76777.65354,77071.40749,-0.003811451737638416,True,0,0,0,0
energia,590d1284-fd6d-4686-afd8-b3da5d90a6e9,592af749-e0ba-45a2-b2a6-8fe6defd0893,PROD_PET_SESCO_8_1,R/P1M,kbbl_diario,m3,kbbl_diario,Serie Hist√≥rica de producci√≥n de Petr√≥leo por Cuenca (SESCO Upstream),Secretar√≠a de Energ√≠a. Subsecretar√≠a de Transici√≥n y Planeamiento Energ√©tico. Direcci√≥n Nacional de Escenarios y Evaluaci√≥n de Proyectos. Direcci√≥n de Informaci√≥n Energ√©tica.Tecnolog√≠a de la Informaci√≥n.,http://datos.minem.gob.ar/dataset/590d1284-fd6d-4686-afd8-b3da5d90a6e9/resource/592af749-e0ba-45a2-b2a6-8fe6defd0893/download/serie-produccion-petroleo-sesco.csv,Producci√≥n de Petr√≥leo y Gas (SESCO),,Producci√≥n de Petr√≥leo y Gas (SESCO),Producci√≥n de Petr√≥leo y Gas (SESCO).,Exploraci√≥n y Producci√≥n de Hidrocarburos,2009-01-01,2018-07-01,115,244,False,482.91692980000005,484.76458660000003,-0.003811451684123446,True,0,0,0,0
energia,590d1284-fd6d-4686-afd8-b3da5d90a6e9,d198fbff-2e2b-4d47-834b-356765b1fa08,PROD_PET_SESCO_1,R/P1M,produccion_petroleo_cuenca_austral,m3, Producci√≥n de Petr√≥leo en Cuenca Austral (SESCO),Serie hist√≥rica de producci√≥n de petr√≥leo por cuenca (SESCO Upstream),Secretar√≠a de Energ√≠a. Subsecretar√≠a de Transici√≥n y Planeamiento Energ√©tico. Direcci√≥n Nacional de Escenarios y Evaluaci√≥n de Proyectos. Direcci√≥n de Informaci√≥n Energ√©tica.Tecnolog√≠a de la Informaci√≥n.,http://datos.energia.gob.ar/dataset/590d1284-fd6d-4686-afd8-b3da5d90a6e9/resource/d198fbff-2e2b-4d47-834b-356765b1fa08/download/serie-produccion-petroleo-sesco.csv,Producci√≥n de Petr√≥leo y Gas (SESCO),,Producci√≥n de Petr√≥leo y Gas (SESCO),Producci√≥n de Petr√≥leo y Gas (SESCO).,Exploraci√≥n y Producci√≥n de Hidrocarburos,2009-01-01,2018-07-01,115,2484,False,105556.7305,99238.3144,0.06366911951499254,False,3203,38,77,192
energia,590d1284-fd6d-4686-afd8-b3da5d90a6e9,d198fbff-2e2b-4d47-834b-356765b1fa08,PROD_PET_SESCO_2,R/P1M,produccion_petroleo_cuenca_gsj,m3, Producci√≥n de Petr√≥leo en Cuenca Golfo San Jorge (SESCO),Serie hist√≥rica de producci√≥n de petr√≥leo por cuenca (SESCO Upstream),Secretar√≠a de Energ√≠a. Subsecretar√≠a de Transici√≥n y Planeamiento Energ√©tico. Direcci√≥n Nacional de Escenarios y Evaluaci√≥n de Proyectos. Direcci√≥n de Informaci√≥n Energ√©tica.Tecnolog√≠a de la Informaci√≥n.,http://datos.energia.gob.ar/dataset/590d1284-fd6d-4686-afd8-b3da5d90a6e9/resource/d198fbff-2e2b-4d47-834b-356765b1fa08/download/serie-produccion-petroleo-sesco.csv,Producci√≥n de Petr√≥leo y Gas (SESCO),,Producci√≥n de Petr√≥leo y Gas (SESCO),Producci√≥n de Petr√≥leo y Gas (SESCO).,Exploraci√≥n y Producci√≥n de Hidrocarburos,2009-01-01,2018-07-01,115,2484,False,1126985.706,1096276.682,0.02801211090614064,False,3034,38,82,193
energia,590d1284-fd6d-4686-afd8-b3da5d90a6e9,d198fbff-2e2b-4d47-834b-356765b1fa08,PROD_PET_SESCO_3,R/P1M,produccion_petroleo_cuenca_neuquina,m3, Producci√≥n de Petr√≥leo en Cuenca Neuquina (SESCO),Serie hist√≥rica de producci√≥n de petr√≥leo por cuenca (SESCO Upstream),Secretar√≠a de Energ√≠a. Subsecretar√≠a de Transici√≥n y Planeamiento Energ√©tico. Direcci√≥n Nacional de Escenarios y Evaluaci√≥n de Proyectos. Direcci√≥n de Informaci√≥n Energ√©tica.Tecnolog√≠a de la Informaci√≥n.,http://datos.energia.gob.ar/dataset/590d1284-fd6d-4686-afd8-b3da5d90a6e9/resource/d198fbff-2e2b-4d47-834b-356765b1fa08/download/serie-produccion-petroleo-sesco.csv,Producci√≥n de Petr√≥leo y Gas (SESCO),,Producci√≥n de Petr√≥leo y Gas (SESCO),Producci√≥n de Petr√≥leo y Gas (SESCO).,Exploraci√≥n y Producci√≥n de Hidrocarburos,2009-01-01,2018-07-01,115,2484,False,1005421.164,977002.1282,0.02908799784536642,False,2821,31,70,181
energia,590d1284-fd6d-4686-afd8-b3da5d90a6e9,d198fbff-2e2b-4d47-834b-356765b1fa08,PROD_PET_SESCO_4,R/P1M,produccion_petroleo_cuenca_noroeste,m3, Producci√≥n de Petr√≥leo en Cuenca Noroeste (SESCO),Serie hist√≥rica de producci√≥n de petr√≥leo por cuenca (SESCO Upstream),Secretar√≠a de Energ√≠a. Subsecretar√≠a de Transici√≥n y Planeamiento Energ√©tico. Direcci√≥n Nacional de Escenarios y Evaluaci√≥n de Proyectos. Direcci√≥n de Informaci√≥n Energ√©tica.Tecnolog√≠a de la Informaci√≥n.,http://datos.energia.gob.ar/dataset/590d1284-fd6d-4686-afd8-b3da5d90a6e9/resource/d198fbff-2e2b-4d47-834b-356765b1fa08/download/serie-produccion-petroleo-sesco.csv,Producci√≥n de Petr√≥leo y Gas (SESCO),,Producci√≥n de Petr√≥leo y Gas (SESCO),Producci√≥n de Petr√≥leo y Gas (SESCO).,Exploraci√≥n y Producci√≥n de Hidrocarburos,2009-01-01,2018-07-01,115,2484,False,26906.211,25997.79,0.0349422393211114,False,2787,45,90,203
energia,590d1284-fd6d-4686-afd8-b3da5d90a6e9,d198fbff-2e2b-4d47-834b-356765b1fa08,PROD_PET_SESCO_5,R/P1M,produccion_petroleo_cuenca_cuyana,m3, Producci√≥n de Petr√≥leo en Cuenca Cuyana (SESCO),Serie hist√≥rica de producci√≥n de petr√≥leo por cuenca (SESCO Upstream),Secretar√≠a de Energ√≠a. Subsecretar√≠a de Transici√≥n y Planeamiento Energ√©tico. Direcci√≥n Nacional de Escenarios y Evaluaci√≥n de Proyectos. Direcci√≥n de Informaci√≥n Energ√©tica.Tecnolog√≠a de la Informaci√≥n.,http://datos.energia.gob.ar/dataset/590d1284-fd6d-4686-afd8-b3da5d90a6e9/resource/d198fbff-2e2b-4d47-834b-356765b1fa08/download/serie-produccion-petroleo-sesco.csv,Producci√≥n de Petr√≥leo y Gas (SESCO),,Producci√≥n de Petr√≥leo y Gas (SESCO),Producci√≥n de Petr√≥leo y Gas (SESCO).,Exploraci√≥n y Producci√≥n de Hidrocarburos,2009-01-01,2018-07-01,115,2484,False,115237.448,113627.31,0.014170343379597883,False,2973,35,76,181
energia,590d1284-fd6d-4686-afd8-b3da5d90a6e9,d198fbff-2e2b-4d47-834b-356765b1fa08,PROD_PET_SESCO_6,R/P1M,produccion_petroleo_total,m3,Producci√≥n total de Petr√≥leo (SESCO),Serie hist√≥rica de producci√≥n de petr√≥leo por cuenca (SESCO Upstream),Secretar√≠a de Energ√≠a. Subsecretar√≠a de Transici√≥n y Planeamiento Energ√©tico. Direcci√≥n Nacional de Escenarios y Evaluaci√≥n de Proyectos. Direcci√≥n de Informaci√≥n Energ√©tica.Tecnolog√≠a de la Informaci√≥n.,http://datos.energia.gob.ar/dataset/590d1284-fd6d-4686-afd8-b3da5d90a6e9/resource/d198fbff-2e2b-4d47-834b-356765b1fa08/download/serie-produccion-petroleo-sesco.csv,Producci√≥n de Petr√≥leo y Gas (SESCO),,Producci√≥n de Petr√≥leo y Gas (SESCO),Producci√≥n de Petr√≥leo y Gas (SESCO).,Exploraci√≥n y Producci√≥n de Hidrocarburos,2009-01-01,2018-07-01,115,2484,False,2380107.26,2312142.225,0.029394833183326252,False,2987,38,81,201
energia,590d1284-fd6d-4686-afd8-b3da5d90a6e9,d198fbff-2e2b-4d47-834b-356765b1fa08,PROD_PET_SESCO_7,R/P1M,produccion_petroleo_total_diario,m3/d,Producci√≥n total de Petr√≥leo por d√≠a (SESCO),Serie hist√≥rica de producci√≥n de petr√≥leo por cuenca (SESCO Upstream),Secretar√≠a de Energ√≠a. Subsecretar√≠a de Transici√≥n y Planeamiento Energ√©tico. Direcci√≥n Nacional de Escenarios y Evaluaci√≥n de Proyectos. Direcci√≥n de Informaci√≥n Energ√©tica.Tecnolog√≠a de la Informaci√≥n.,http://datos.energia.gob.ar/dataset/590d1284-fd6d-4686-afd8-b3da5d90a6e9/resource/d198fbff-2e2b-4d47-834b-356765b1fa08/download/serie-produccion-petroleo-sesco.csv,Producci√≥n de Petr√≥leo y Gas (SESCO),,Producci√≥n de Petr√≥leo y Gas (SESCO),Producci√≥n de Petr√≥leo y Gas (SESCO).,Exploraci√≥n y Producci√≥n de Hidrocarburos,2009-01-01,2018-07-01,115,2484,False,76777.65354,77071.40749,-0.003811451737638416,False,2844,40,81,193
energia,590d1284-fd6d-4686-afd8-b3da5d90a6e9,d198fbff-2e2b-4d47-834b-356765b1fa08,PROD_PET_SESCO_8,R/P1M,kbbl_diario,Kbbl/d,Producci√≥n total de Petr√≥leo en miles de barriles diarios (SESCO),Serie hist√≥rica de producci√≥n de petr√≥leo por cuenca (SESCO Upstream),Secretar√≠a de Energ√≠a. Subsecretar√≠a de Transici√≥n y Planeamiento Energ√©tico. Direcci√≥n Nacional de Escenarios y Evaluaci√≥n de Proyectos. Direcci√≥n de Informaci√≥n Energ√©tica.Tecnolog√≠a de la Informaci√≥n.,http://datos.energia.gob.ar/dataset/590d1284-fd6d-4686-afd8-b3da5d90a6e9/resource/d198fbff-2e2b-4d47-834b-356765b1fa08/download/serie-produccion-petroleo-sesco.csv,Producci√≥n de Petr√≥leo y Gas (SESCO),,Producci√≥n de Petr√≥leo y Gas (SESCO),Producci√≥n de Petr√≥leo y Gas (SESCO).,Exploraci√≥n y Producci√≥n de Hidrocarburos,2009-01-01,2018-07-01,115,2484,False,482.9169298,484.7645866,-0.003811451684123446,False,3088,38,80,199
"energia,5bdc436c-60d4-4c86-98ab-59834d047700,3da9b172-1a47-46f3-8bc5-f6d244bee8d2,VENTAS_AL_MERCADO_AERO_1,R/P1M,ventas_al_mercado_aero_buenos_aires,m3,Ventas al mercado de Aerokerosene: Buenos Aires,Serie hist√≥rica de ventas de aerokerosene por provincia (excluye ventas a empresas del sector),Secretar√≠a de Energ√≠a. Subsecretar√≠a de Transici√≥n y Planeamiento Energ√©tico. Direcci√≥n Nacional de Escenarios y Evaluaci√≥n de Proyectos. Direcci√≥n de Informaci√≥n Energ√©tica.Tecnolog√≠a de la Informaci√≥n.,http://datos.energia.gob.ar/dataset/5bdc436c-60d4-4c86-98ab-59834d047700/resource/3da9b172-1a47-46f3-8bc5-f6d244bee8d2/download/ventas-mercado-aerokerosene-provincia.csv,""Refinaci√≥n y Comercializaci√≥n de petr√≥leo, gas y derivados (Tablas Din√°micas)"",,""Refinaci√≥n y Comercializaci√≥n de petr√≥leo, gas y derivados (Tablas Din√°micas)"",Tablas Din√°micas SESCO Downstream.,""Comercializaci√≥n de Hidrocarburos L√≠quidos,Comercio Exterior,Refinaci√≥n de Hidrocarburos"",2010-01-01,2019-03-01,111,46,True,8563.0,8369.0,0.023180786234914486,True,184,0,0,4"
"energia,5bdc436c-60d4-4c86-98ab-59834d047700,3da9b172-1a47-46f3-8bc5-f6d244bee8d2,VENTAS_AL_MERCADO_AERO_10,R/P1M,ventas_al_mercado_aero_formosa,m3,Ventas al mercado de Aerokerosene:  Formosa,Serie hist√≥rica de ventas de aerokerosene por provincia (excluye ventas a empresas del sector),Secretar√≠a de Energ√≠a. Subsecretar√≠a de Transici√≥n y Planeamiento Energ√©tico. Direcci√≥n Nacional de Escenarios y Evaluaci√≥n de Proyectos. Direcci√≥n de Informaci√≥n Energ√©tica.Tecnolog√≠a de la Informaci√≥n.,http://datos.energia.gob.ar/dataset/5bdc436c-60d4-4c86-98ab-59834d047700/resource/3da9b172-1a47-46f3-8bc5-f6d244bee8d2/download/ventas-mercado-aerokerosene-provincia.csv,""Refinaci√≥n y Comercializaci√≥n de petr√≥leo, gas y derivados (Tablas Din√°micas)"",,""Refinaci√≥n y Comercializaci√≥n de petr√≥leo, gas y derivados (Tablas Din√°micas)"",Tablas Din√°micas SESCO Downstream.,""Comercializaci√≥n de Hidrocarburos L√≠quidos,Comercio Exterior,Refinaci√≥n de Hidrocarburos"",2010-01-01,2019-03-01,111,46,True,68.0,151.0,-0.5496688741721854,True,150,0,0,2"
"energia,5bdc436c-60d4-4c86-98ab-59834d047700,3da9b172-1a47-46f3-8bc5-f6d244bee8d2,VENTAS_AL_MERCADO_AERO_11,R/P1M,ventas_al_mercado_aero_jujuy,m3,Ventas al mercado de Aerokerosene:  Jujuy,Serie hist√≥rica de ventas de aerokerosene por provincia (excluye ventas a empresas del sector),Secretar√≠a de Energ√≠a. Subsecretar√≠a de Transici√≥n y Planeamiento Energ√©tico. Direcci√≥n Nacional de Escenarios y Evaluaci√≥n de Proyectos. Direcci√≥n de Informaci√≥n Energ√©tica.Tecnolog√≠a de la Informaci√≥n.,http://datos.energia.gob.ar/dataset/5bdc436c-60d4-4c86-98ab-59834d047700/resource/3da9b172-1a47-46f3-8bc5-f6d244bee8d2/download/ventas-mercado-aerokerosene-provincia.csv,""Refinaci√≥n y Comercializaci√≥n de petr√≥leo, gas y derivados (Tablas Din√°micas)"",,""Refinaci√≥n y Comercializaci√≥n de petr√≥leo, gas y derivados (Tablas Din√°micas)"",Tablas Din√°micas SESCO Downstream.,""Comercializaci√≥n de Hidrocarburos L√≠quidos,Comercio Exterior,Refinaci√≥n de Hidrocarburos"",2010-01-01,2019-03-01,111,46,True,449.0,636.0,-0.2940251572327044,True,190,2,4,7"
"energia,5bdc436c-60d4-4c86-98ab-59834d047700,3da9b172-1a47-46f3-8bc5-f6d244bee8d2,VENTAS_AL_MERCADO_AERO_12,R/P1M,ventas_al_mercado_aero_la_pampa,m3,Ventas al mercado de Aerokerosene:  La Pampa,Serie hist√≥rica de ventas de aerokerosene por provincia (excluye ventas a empresas del sector),Secretar√≠a de Energ√≠a. Subsecretar√≠a de Transici√≥n y Planeamiento Energ√©tico. Direcci√≥n Nacional de Escenarios y Evaluaci√≥n de Proyectos. Direcci√≥n de Informaci√≥n Energ√©tica.Tecnolog√≠a de la Informaci√≥n.,http://datos.energia.gob.ar/dataset/5bdc436c-60d4-4c86-98ab-59834d047700/resource/3da9b172-1a47-46f3-8bc5-f6d244bee8d2/download/ventas-mercado-aerokerosene-provincia.csv,""Refinaci√≥n y Comercializaci√≥n de petr√≥leo, gas y derivados (Tablas Din√°micas)"",,""Refinaci√≥n y Comercializaci√≥n de petr√≥leo, gas y derivados (Tablas Din√°micas)"",Tablas Din√°micas SESCO Downstream.,""Comercializaci√≥n de Hidrocarburos L√≠quidos,Comercio Exterior,Refinaci√≥n de Hidrocarburos"",2010-01-01,2019-03-01,111,46,True,241.0,215.0,0.12093023255813962,True,150,0,0,2"
"energia,5bdc436c-60d4-4c86-98ab-59834d047700,3da9b172-1a47-46f3-8bc5-f6d244bee8d2,VENTAS_AL_MERCADO_AERO_13,R/P1M,ventas_al_mercado_aero_la_rioja,m3,Ventas al mercado de Aerokerosene:  La Rioja,Serie hist√≥rica de ventas de aerokerosene por provincia (excluye ventas a empresas del sector),Secretar√≠a de Energ√≠a. Subsecretar√≠a de Transici√≥n y Planeamiento Energ√©tico. Direcci√≥n Nacional de Escenarios y Evaluaci√≥n de Proyectos. Direcci√≥n de Informaci√≥n Energ√©tica.Tecnolog√≠a de la Informaci√≥n.,http://datos.energia.gob.ar/dataset/5bdc436c-60d4-4c86-98ab-59834d047700/resource/3da9b172-1a47-46f3-8bc5-f6d244bee8d2/download/ventas-mercado-aerokerosene-provincia.csv,""Refinaci√≥n y Comercializaci√≥n de petr√≥leo, gas y derivados (Tablas Din√°micas)"",,""Refinaci√≥n y Comercializaci√≥n de petr√≥leo, gas y derivados (Tablas Din√°micas)"",Tablas Din√°micas SESCO Downstream.,""Comercializaci√≥n de Hidrocarburos L√≠quidos,Comercio Exterior,Refinaci√≥n de Hidrocarburos"",2010-01-01,2019-03-01,111,46,True,109.0,95.0,0.1473684210526316,True,164,0,0,2"
"energia,5bdc436c-60d4-4c86-98ab-59834d047700,3da9b172-1a47-46f3-8bc5-f6d244bee8d2,VENTAS_AL_MERCADO_AERO_14,R/P1M,ventas_al_mercado_aero_mendoza,m3,Ventas al mercado de Aerokerosene:  Mendoza,Serie hist√≥rica de ventas de aerokerosene por provincia (excluye ventas a empresas del sector),Secretar√≠a de Energ√≠a. Subsecretar√≠a de Transici√≥n y Planeamiento Energ√©tico. Direcci√≥n Nacional de Escenarios y Evaluaci√≥n de Proyectos. Direcci√≥n de Informaci√≥n Energ√©tica.Tecnolog√≠a de la Informaci√≥n.,http://datos.energia.gob.ar/dataset/5bdc436c-60d4-4c86-98ab-59834d047700/resource/3da9b172-1a47-46f3-8bc5-f6d244bee8d2/download/ventas-mercado-aerokerosene-provincia.csv,""Refinaci√≥n y Comercializaci√≥n de petr√≥leo, gas y derivados (Tablas Din√°micas)"",,""Refinaci√≥n y Comercializaci√≥n de petr√≥leo, gas y derivados (Tablas Din√°micas)"",Tablas Din√°micas SESCO Downstream.,""Comercializaci√≥n de Hidrocarburos L√≠quidos,Comercio Exterior,Refinaci√≥n de Hidrocarburos"",2010-01-01,2019-03-01,111,46,True,2710.0,2226.0,0.21743036837376462,True,161,0,0,2"
"energia,5bdc436c-60d4-4c86-98ab-59834d047700,3da9b172-1a47-46f3-8bc5-f6d244bee8d2,VENTAS_AL_MERCADO_AERO_15,R/P1M,ventas_al_mercado_aero_misiones,m3,Ventas al mercado de Aerokerosene:  Misiones,Serie hist√≥rica de ventas de aerokerosene por provincia (excluye ventas a empresas del sector),Secretar√≠a de Energ√≠a. Subsecretar√≠a de Transici√≥n y Planeamiento Energ√©tico. Direcci√≥n Nacional de Escenarios y Evaluaci√≥n de Proyectos. Direcci√≥n de Informaci√≥n Energ√©tica.Tecnolog√≠a de la Informaci√≥n.,http://datos.energia.gob.ar/dataset/5bdc436c-60d4-4c86-98ab-59834d047700/resource/3da9b172-1a47-46f3-8bc5-f6d244bee8d2/download/ventas-mercado-aerokerosene-provincia.csv,""Refinaci√≥n y Comercializaci√≥n de petr√≥leo, gas y derivados (Tablas Din√°micas)"",,""Refinaci√≥n y Comercializaci√≥n de petr√≥leo, gas y derivados (Tablas Din√°micas)"",Tablas Din√°micas SESCO Downstream.,""Comercializaci√≥n de Hidrocarburos L√≠quidos,Comercio Exterior,Refinaci√≥n de Hidrocarburos"",2010-01-01,2019-03-01,111,46,True,1260.0,2186.0,-0.42360475754803295,True,208,1,1,7"
"energia,5bdc436c-60d4-4c86-98ab-59834d047700,3da9b172-1a47-46f3-8bc5-f6d244bee8d2,VENTAS_AL_MERCADO_AERO_16,R/P1M,ventas_al_mercado_aero_neuquen,m3,Ventas al mercado de Aerokerosene:  Neuqu√©n,Serie hist√≥rica de ventas de aerokerosene por provincia (excluye ventas a empresas del sector),Secretar√≠a de Energ√≠a. Subsecretar√≠a de Transici√≥n y Planeamiento Energ√©tico. Direcci√≥n Nacional de Escenarios y Evaluaci√≥n de Proyectos. Direcci√≥n de Informaci√≥n Energ√©tica.Tecnolog√≠a de la Informaci√≥n.,http://datos.energia.gob.ar/dataset/5bdc436c-60d4-4c86-98ab-59834d047700/resource/3da9b172-1a47-46f3-8bc5-f6d244bee8d2/download/ventas-mercado-aerokerosene-provincia.csv,""Refinaci√≥n y Comercializaci√≥n de petr√≥leo, gas y derivados (Tablas Din√°micas)"",,""Refinaci√≥n y Comercializaci√≥n de petr√≥leo, gas y derivados (Tablas Din√°micas)"",Tablas Din√°micas SESCO Downstream.,""Comercializaci√≥n de Hidrocarburos L√≠quidos,Comercio Exterior,Refinaci√≥n de Hidrocarburos"",2010-01-01,2019-03-01,111,46,True,4356.0,4700.0,-0.07319148936170217,True,151,0,0,2"
"energia,5bdc436c-60d4-4c86-98ab-59834d047700,3da9b172-1a47-46f3-8bc5-f6d244bee8d2,VENTAS_AL_MERCADO_AERO_17,R/P1M,ventas_al_mercado_aero_rio_negro,m3,Ventas al mercado de Aerokerosene: R√≠o Negro,Serie hist√≥rica de ventas de aerokerosene por provincia (excluye ventas a empresas del sector),Secretar√≠a de Energ√≠a. Subsecretar√≠a de Transici√≥n y Planeamiento Energ√©tico. Direcci√≥n Nacional de Escenarios y Evaluaci√≥n de Proyectos. Direcci√≥n de Informaci√≥n Energ√©tica.Tecnolog√≠a de la Informaci√≥n.,http://datos.energia.gob.ar/dataset/5bdc436c-60d4-4c86-98ab-59834d047700/resource/3da9b172-1a47-46f3-8bc5-f6d244bee8d2/download/ventas-mercado-aerokerosene-provincia.csv,""Refinaci√≥n y Comercializaci√≥n de petr√≥leo, gas y derivados (Tablas Din√°micas)"",,""Refinaci√≥n y Comercializaci√≥n de petr√≥leo, gas y derivados (Tablas Din√°micas)"",Tablas Din√°micas SESCO Downstream.,""Comercializaci√≥n de Hidrocarburos L√≠quidos,Comercio Exterior,Refinaci√≥n de Hidrocarburos"",2010-01-01,2019-03-01,111,46,True,34.0,56.0,-0.3928571428571429,True,155,0,0,1"
"energia,5bdc436c-60d4-4c86-98ab-59834d047700,3da9b172-1a47-46f3-8bc5-f6d244bee8d2,VENTAS_AL_MERCADO_AERO_18,R/P1M,ventas_al_mercado_aero_salta,m3,Ventas al mercado de Aerokerosene:  Salta,Serie hist√≥rica de ventas de aerokerosene por provincia (excluye ventas a empresas del sector),Secretar√≠a de Energ√≠a. Subsecretar√≠a de Transici√≥n y Planeamiento Energ√©tico. Direcci√≥n Nacional de Escenarios y Evaluaci√≥n de Proyectos. Direcci√≥n de Informaci√≥n Energ√©tica.Tecnolog√≠a de la Informaci√≥n.,http://datos.energia.gob.ar/dataset/5bdc436c-60d4-4c86-98ab-59834d047700/resource/3da9b172-1a47-46f3-8bc5-f6d244bee8d2/download/ventas-mercado-aerokerosene-provincia.csv,""Refinaci√≥n y Comercializaci√≥n de petr√≥leo, gas y derivados (Tablas Din√°micas)"",,""Refinaci√≥n y Comercializaci√≥n de petr√≥leo, gas y derivados (Tablas Din√°micas)"",Tablas Din√°micas SESCO Downstream.,""Comercializaci√≥n de Hidrocarburos L√≠quidos,Comercio Exterior,Refinaci√≥n de Hidrocarburos"",2010-01-01,2019-03-01,111,46,True,1827.0,1980.0,-0.07727272727272727,True,148,0,0,2"
"energia,5bdc436c-60d4-4c86-98ab-59834d047700,3da9b172-1a47-46f3-8bc5-f6d244bee8d2,VENTAS_AL_MERCADO_AERO_19,R/P1M,ventas_al_mercado_aero_san_juan,m3,Ventas al mercado de Aerokerosene:  San Juan,Serie hist√≥rica de ventas de aerokerosene por provincia (excluye ventas a empresas del sector),Secretar√≠a de Energ√≠a. Subsecretar√≠a de Transici√≥n y Planeamiento Energ√©tico. Direcci√≥n Nacional de Escenarios y Evaluaci√≥n de Proyectos. Direcci√≥n de Informaci√≥n Energ√©tica.Tecnolog√≠a de la Informaci√≥n.,http://datos.energia.gob.ar/dataset/5bdc436c-60d4-4c86-98ab-59834d047700/resource/3da9b172-1a47-46f3-8bc5-f6d244bee8d2/download/ventas-mercado-aerokerosene-provincia.csv,""Refinaci√≥n y Comercializaci√≥n de petr√≥leo, gas y derivados (Tablas Din√°micas)"",,""Refinaci√≥n y Comercializaci√≥n de petr√≥leo, gas y derivados (Tablas Din√°micas)"",Tablas Din√°micas SESCO Downstream.,""Comercializaci√≥n de Hidrocarburos L√≠quidos,Comercio Exterior,Refinaci√≥n de Hidrocarburos"",2010-01-01,2019-03-01,111,46,True,396.0,346.0,0.1445086705202312,True,201,0,0,6"
"energia,5bdc436c-60d4-4c86-98ab-59834d047700,3da9b172-1a47-46f3-8bc5-f6d244bee8d2,VENTAS_AL_MERCADO_AERO_2,R/P1M,ventas_al_mercado_aero_capital_federal,m3,Ventas al mercado de Aerokerosene:  Capital Federal,Serie hist√≥rica de ventas de aerokerosene por provincia (excluye ventas a empresas del sector),Secretar√≠a de Energ√≠a. Subsecretar√≠a de Transici√≥n y Planeamiento Energ√©tico. Direcci√≥n Nacional de Escenarios y Evaluaci√≥n de Proyectos. Direcci√≥n de Informaci√≥n Energ√©tica.Tecnolog√≠a de la Informaci√≥n.,http://datos.energia.gob.ar/dataset/5bdc436c-60d4-4c86-98ab-59834d047700/resource/3da9b172-1a47-46f3-8bc5-f6d244bee8d2/download/ventas-mercado-aerokerosene-provincia.csv,""Refinaci√≥n y Comercializaci√≥n de petr√≥leo, gas y derivados (Tablas Din√°micas)"",,""Refinaci√≥n y Comercializaci√≥n de petr√≥leo, gas y derivados (Tablas Din√°micas)"",Tablas Din√°micas SESCO Downstream.,""Comercializaci√≥n de Hidrocarburos L√≠quidos,Comercio Exterior,Refinaci√≥n de Hidrocarburos"",2010-01-01,2019-03-01,111,46,True,31357.0,26049.0,0.20376981841913322,True,209,1,2,11"
"energia,5bdc436c-60d4-4c86-98ab-59834d047700,3da9b172-1a47-46f3-8bc5-f6d244bee8d2,VENTAS_AL_MERCADO_AERO_20,R/P1M,ventas_al_mercado_aero_san_luis,m3,Ventas al mercado de Aerokerosene:  San Luis,Serie hist√≥rica de ventas de aerokerosene por provincia (excluye ventas a empresas del sector),Secretar√≠a de Energ√≠a. Subsecretar√≠a de Transici√≥n y Planeamiento Energ√©tico. Direcci√≥n Nacional de Escenarios y Evaluaci√≥n de Proyectos. Direcci√≥n de Informaci√≥n Energ√©tica.Tecnolog√≠a de la Informaci√≥n.,http://datos.energia.gob.ar/dataset/5bdc436c-60d4-4c86-98ab-59834d047700/resource/3da9b172-1a47-46f3-8bc5-f6d244bee8d2/download/ventas-mercado-aerokerosene-provincia.csv,""Refinaci√≥n y Comercializaci√≥n de petr√≥leo, gas y derivados (Tablas Din√°micas)"",,""Refinaci√≥n y Comercializaci√≥n de petr√≥leo, gas y derivados (Tablas Din√°micas)"",Tablas Din√°micas SESCO Downstream.,""Comercializaci√≥n de Hidrocarburos L√≠quidos,Comercio Exterior,Refinaci√≥n de Hidrocarburos"",2010-01-01,2019-03-01,111,46,True,440.0,345.0,0.2753623188405796,True,158,0,0,1"
"energia,5bdc436c-60d4-4c86-98ab-59834d047700,3da9b172-1a47-46f3-8bc5-f6d244bee8d2,VENTAS_AL_MERCADO_AERO_21,R/P1M,ventas_al_mercado_aero_santa_cruz,m3,Ventas al mercado de Aerokerosene:  Santa Cruz,Serie hist√≥rica de ventas de aerokerosene por provincia (excluye ventas a empresas del sector),Secretar√≠a de Energ√≠a. Subsecretar√≠a de Transici√≥n y Planeamiento Energ√©tico. Direcci√≥n Nacional de Escenarios y Evaluaci√≥n de Proyectos. Direcci√≥n de Informaci√≥n Energ√©tica.Tecnolog√≠a de la Informaci√≥n.,http://datos.energia.gob.ar/dataset/5bdc436c-60d4-4c86-98ab-59834d047700/resource/3da9b172-1a47-46f3-8bc5-f6d244bee8d2/download/ventas-mercado-aerokerosene-provincia.csv,""Refinaci√≥n y Comercializaci√≥n de petr√≥leo, gas y derivados (Tablas Din√°micas)"",,""Refinaci√≥n y Comercializaci√≥n de petr√≥leo, gas y derivados (Tablas Din√°micas)"",Tablas Din√°micas SESCO Downstream.,""Comercializaci√≥n de Hidrocarburos L√≠quidos,Comercio Exterior,Refinaci√≥n de Hidrocarburos"",2010-01-01,2019-03-01,111,46,True,1735.0,2123.0,-0.18276024493641074,True,162,0,0,2"
"energia,5bdc436c-60d4-4c86-98ab-59834d047700,3da9b172-1a47-46f3-8bc5-f6d244bee8d2,VENTAS_AL_MERCADO_AERO_22,R/P1M,ventas_al_mercado_aero_santa_fe,m3,Ventas al mercado de Aerokerosene:  Santa Fe,Serie hist√≥rica de ventas de aerokerosene por provincia (excluye ventas a empresas del sector),Secretar√≠a de Energ√≠a. Subsecretar√≠a de Transici√≥n y Planeamiento Energ√©tico. Direcci√≥n Nacional de Escenarios y Evaluaci√≥n de Proyectos. Direcci√≥n de Informaci√≥n Energ√©tica.Tecnolog√≠a de la Informaci√≥n.,http://datos.energia.gob.ar/dataset/5bdc436c-60d4-4c86-98ab-59834d047700/resource/3da9b172-1a47-46f3-8bc5-f6d244bee8d2/download/ventas-mercado-aerokerosene-provincia.csv,""Refinaci√≥n y Comercializaci√≥n de petr√≥leo, gas y derivados (Tablas Din√°micas)"",,""Refinaci√≥n y Comercializaci√≥n de petr√≥leo, gas y derivados (Tablas Din√°micas)"",Tablas Din√°micas SESCO Downstream.,""Comercializaci√≥n de Hidrocarburos L√≠quidos,Comercio Exterior,Refinaci√≥n de Hidrocarburos"",2010-01-01,2019-03-01,111,46,True,1250.0,1371.0,-0.0882567469000729,True,164,0,0,2"
"energia,5bdc436c-60d4-4c86-98ab-59834d047700,3da9b172-1a47-46f3-8bc5-f6d244bee8d2,VENTAS_AL_MERCADO_AERO_23,R/P1M,ventas_al_mercado_aero_santiago_del_estero,m3,Ventas al mercado de Aerokerosene:  Santiago del Estero,Serie hist√≥rica de ventas de aerokerosene por provincia (excluye ventas a empresas del sector),Secretar√≠a de Energ√≠a. Subsecretar√≠a de Transici√≥n y Planeamiento Energ√©tico. Direcci√≥n Nacional de Escenarios y Evaluaci√≥n de Proyectos. Direcci√≥n de Informaci√≥n Energ√©tica.Tecnolog√≠a de la Informaci√≥n.,http://datos.energia.gob.ar/dataset/5bdc436c-60d4-4c86-98ab-59834d047700/resource/3da9b172-1a47-46f3-8bc5-f6d244bee8d2/download/ventas-mercado-aerokerosene-provincia.csv,""Refinaci√≥n y Comercializaci√≥n de petr√≥leo, gas y derivados (Tablas Din√°micas)"",,""Refinaci√≥n y Comercializaci√≥n de petr√≥leo, gas y derivados (Tablas Din√°micas)"",Tablas Din√°micas SESCO Downstream.,""Comercializaci√≥n de Hidrocarburos L√≠quidos,Comercio Exterior,Refinaci√≥n de Hidrocarburos"",2010-01-01,2019-03-01,111,46,True,478.0,605.0,-0.20991735537190082,True,162,0,0,2"
"energia,5bdc436c-60d4-4c86-98ab-59834d047700,3da9b172-1a47-46f3-8bc5-f6d244bee8d2,VENTAS_AL_MERCADO_AERO_24,R/P1M,ventas_al_mercado_aero_tierra_del_fuego,m3,Ventas al mercado de Aerokerosene: Tierra del Fuego,Serie hist√≥rica de ventas de aerokerosene por provincia (excluye ventas a empresas del sector),Secretar√≠a de Energ√≠a. Subsecretar√≠a de Transici√≥n y Planeamiento Energ√©tico. Direcci√≥n Nacional de Escenarios y Evaluaci√≥n de Proyectos. Direcci√≥n de Informaci√≥n Energ√©tica.Tecnolog√≠a de la Informaci√≥n.,http://datos.energia.gob.ar/dataset/5bdc436c-60d4-4c86-98ab-59834d047700/resource/3da9b172-1a47-46f3-8bc5-f6d244bee8d2/download/ventas-mercado-aerokerosene-provincia.csv,""Refinaci√≥n y Comercializaci√≥n de petr√≥leo, gas y derivados (Tablas Din√°micas)"",,""Refinaci√≥n y Comercializaci√≥n de petr√≥leo, gas y derivados (Tablas Din√°micas)"",Tablas Din√°micas SESCO Downstream.,""Comercializaci√≥n de Hidrocarburos L√≠quidos,Comercio Exterior,Refinaci√≥n de Hidrocarburos"",2010-01-01,2019-03-01,111,46,True,2901.0,3328.0,-0.12830528846153844,True,159,0,0,2"
"energia,5bdc436c-60d4-4c86-98ab-59834d047700,3da9b172-1a47-46f3-8bc5-f6d244bee8d2,VENTAS_AL_MERCADO_AERO_25,R/P1M,ventas_al_mercado_aero_tucuman,m3,Ventas al mercado de Aerokerosene:  Tucum√°n,Serie hist√≥rica de ventas de aerokerosene por provincia (excluye ventas a empresas del sector),Secretar√≠a de Energ√≠a. Subsecretar√≠a de Transici√≥n y Planeamiento Energ√©tico. Direcci√≥n Nacional de Escenarios y Evaluaci√≥n de Proyectos. Direcci√≥n de Informaci√≥n Energ√©tica.Tecnolog√≠a de la Informaci√≥n.,http://datos.energia.gob.ar/dataset/5bdc436c-60d4-4c86-98ab-59834d047700/resource/3da9b172-1a47-46f3-8bc5-f6d244bee8d2/download/ventas-mercado-aerokerosene-provincia.csv,""Refinaci√≥n y Comercializaci√≥n de petr√≥leo, gas y derivados (Tablas Din√°micas)"",,""Refinaci√≥n y Comercializaci√≥n de petr√≥leo, gas y derivados (Tablas Din√°micas)"",Tablas Din√°micas SESCO Downstream.,""Comercializaci√≥n de Hidrocarburos L√≠quidos,Comercio Exterior,Refinaci√≥n de Hidrocarburos"",2010-01-01,2019-03-01,111,46,True,1111.0,1276.0,-0.1293103448275862,True,156,0,0,1"
"energia,5bdc436c-60d4-4c86-98ab-59834d047700,3da9b172-1a47-46f3-8bc5-f6d244bee8d2,VENTAS_AL_MERCADO_AERO_26,R/P1M,ventas_al_mercado_aero_total_pais,m3,Ventas al mercado de Aerokerosene:  Total Pa√≠s,Serie hist√≥rica de ventas de aerokerosene por provincia (excluye ventas a empresas del sector),Secretar√≠a de Energ√≠a. Subsecretar√≠a de Transici√≥n y Planeamiento Energ√©tico. Direcci√≥n Nacional de Escenarios y Evaluaci√≥n de Proyectos. Direcci√≥n de Informaci√≥n Energ√©tica.Tecnolog√≠a de la Informaci√≥n.,http://datos.energia.gob.ar/dataset/5bdc436c-60d4-4c86-98ab-59834d047700/resource/3da9b172-1a47-46f3-8bc5-f6d244bee8d2/download/ventas-mercado-aerokerosene-provincia.csv,""Refinaci√≥n y Comercializaci√≥n de petr√≥leo, gas y derivados (Tablas Din√°micas)"",,""Refinaci√≥n y Comercializaci√≥n de petr√≥leo, gas y derivados (Tablas Din√°micas)"",Tablas Din√°micas SESCO Downstream.,""Comercializaci√≥n de Hidrocarburos L√≠quidos,Comercio Exterior,Refinaci√≥n de Hidrocarburos"",2010-01-01,2019-03-01,111,46,True,65866.0,63122.0,0.043471372896929816,True,268,2,5,10"
"energia,5bdc436c-60d4-4c86-98ab-59834d047700,3da9b172-1a47-46f3-8bc5-f6d244bee8d2,VENTAS_AL_MERCADO_AERO_3,R/P1M,ventas_al_mercado_aero_catamarca,m3,Ventas al mercado de Aerokerosene:  Catamarca,Serie hist√≥rica de ventas de aerokerosene por provincia (excluye ventas a empresas del sector),Secretar√≠a de Energ√≠a. Subsecretar√≠a de Transici√≥n y Planeamiento Energ√©tico. Direcci√≥n Nacional de Escenarios y Evaluaci√≥n de Proyectos. Direcci√≥n de Informaci√≥n Energ√©tica.Tecnolog√≠a de la Informaci√≥n.,http://datos.energia.gob.ar/dataset/5bdc436c-60d4-4c86-98ab-59834d047700/resource/3da9b172-1a47-46f3-8bc5-f6d244bee8d2/download/ventas-mercado-aerokerosene-provincia.csv,""Refinaci√≥n y Comercializaci√≥n de petr√≥leo, gas y derivados (Tablas Din√°micas)"",,""Refinaci√≥n y Comercializaci√≥n de petr√≥leo, gas y derivados (Tablas Din√°micas)"",Tablas Din√°micas SESCO Downstream.,""Comercializaci√≥n de Hidrocarburos L√≠quidos,Comercio Exterior,Refinaci√≥n de Hidrocarburos"",2010-01-01,2019-03-01,111,46,True,65.0,96.0,-0.32291666666666663,True,157,1,1,2"
"energia,5bdc436c-60d4-4c86-98ab-59834d047700,3da9b172-1a47-46f3-8bc5-f6d244bee8d2,VENTAS_AL_MERCADO_AERO_4,R/P1M,ventas_al_mercado_aero_chaco,m3,Ventas al mercado de Aerokerosene:  Chaco,Serie hist√≥rica de ventas de aerokerosene por provincia (excluye ventas a empresas del sector),Secretar√≠a de Energ√≠a. Subsecretar√≠a de Transici√≥n y Planeamiento Energ√©tico. Direcci√≥n Nacional de Escenarios y Evaluaci√≥n de Proyectos. Direcci√≥n de Informaci√≥n Energ√©tica.Tecnolog√≠a de la Informaci√≥n.,http://datos.energia.gob.ar/dataset/5bdc436c-60d4-4c86-98ab-59834d047700/resource/3da9b172-1a47-46f3-8bc5-f6d244bee8d2/download/ventas-mercado-aerokerosene-provincia.csv,""Refinaci√≥n y Comercializaci√≥n de petr√≥leo, gas y derivados (Tablas Din√°micas)"",,""Refinaci√≥n y Comercializaci√≥n de petr√≥leo, gas y derivados (Tablas Din√°micas)"",Tablas Din√°micas SESCO Downstream.,""Comercializaci√≥n de Hidrocarburos L√≠quidos,Comercio Exterior,Refinaci√≥n de Hidrocarburos"",2010-01-01,2019-03-01,111,46,True,285.0,302.0,-0.056291390728476776,True,154,0,0,2"
"energia,5bdc436c-60d4-4c86-98ab-59834d047700,3da9b172-1a47-46f3-8bc5-f6d244bee8d2,VENTAS_AL_MERCADO_AERO_5,R/P1M,ventas_al_mercado_aero_chubut,m3,Ventas al mercado de Aerokerosene:  Chubut,Serie hist√≥rica de ventas de aerokerosene por provincia (excluye ventas a empresas del sector),Secretar√≠a de Energ√≠a. Subsecretar√≠a de Transici√≥n y Planeamiento Energ√©tico. Direcci√≥n Nacional de Escenarios y Evaluaci√≥n de Proyectos. Direcci√≥n de Informaci√≥n Energ√©tica.Tecnolog√≠a de la Informaci√≥n.,http://datos.energia.gob.ar/dataset/5bdc436c-60d4-4c86-98ab-59834d047700/resource/3da9b172-1a47-46f3-8bc5-f6d244bee8d2/download/ventas-mercado-aerokerosene-provincia.csv,""Refinaci√≥n y Comercializaci√≥n de petr√≥leo, gas y derivados (Tablas Din√°micas)"",,""Refinaci√≥n y Comercializaci√≥n de petr√≥leo, gas y derivados (Tablas Din√°micas)"",Tablas Din√°micas SESCO Downstream.,""Comercializaci√≥n de Hidrocarburos L√≠quidos,Comercio Exterior,Refinaci√≥n de Hidrocarburos"",2010-01-01,2019-03-01,111,46,True,2200.0,2459.0,-0.10532736884912564,True,149,0,0,2"
"energia,5bdc436c-60d4-4c86-98ab-59834d047700,3da9b172-1a47-46f3-8bc5-f6d244bee8d2,VENTAS_AL_MERCADO_AERO_6,R/P1M,ventas_al_mercado_aero_cordoba,m3,Ventas al mercado de Aerokerosene:  C√≥rdoba,Serie hist√≥rica de ventas de aerokerosene por provincia (excluye ventas a empresas del sector),Secretar√≠a de Energ√≠a. Subsecretar√≠a de Transici√≥n y Planeamiento Energ√©tico. Direcci√≥n Nacional de Escenarios y Evaluaci√≥n de Proyectos. Direcci√≥n de Informaci√≥n Energ√©tica.Tecnolog√≠a de la Informaci√≥n.,http://datos.energia.gob.ar/dataset/5bdc436c-60d4-4c86-98ab-59834d047700/resource/3da9b172-1a47-46f3-8bc5-f6d244bee8d2/download/ventas-mercado-aerokerosene-provincia.csv,""Refinaci√≥n y Comercializaci√≥n de petr√≥leo, gas y derivados (Tablas Din√°micas)"",,""Refinaci√≥n y Comercializaci√≥n de petr√≥leo, gas y derivados (Tablas Din√°micas)"",Tablas Din√°micas SESCO Downstream.,""Comercializaci√≥n de Hidrocarburos L√≠quidos,Comercio Exterior,Refinaci√≥n de Hidrocarburos"",2010-01-01,2019-03-01,111,46,True,3813.0,3715.0,0.02637954239569318,True,184,2,2,5"
"energia,5bdc436c-60d4-4c86-98ab-59834d047700,3da9b172-1a47-46f3-8bc5-f6d244bee8d2,VENTAS_AL_MERCADO_AERO_7,R/P1M,ventas_al_mercado_aero_corrientes,m3,Ventas al mercado de Aerokerosene:  Corrientes,Serie hist√≥rica de ventas de aerokerosene por provincia (excluye ventas a empresas del sector),Secretar√≠a de Energ√≠a. Subsecretar√≠a de Transici√≥n y Planeamiento Energ√©tico. Direcci√≥n Nacional de Escenarios y Evaluaci√≥n de Proyectos. Direcci√≥n de Informaci√≥n Energ√©tica.Tecnolog√≠a de la Informaci√≥n.,http://datos.energia.gob.ar/dataset/5bdc436c-60d4-4c86-98ab-59834d047700/resource/3da9b172-1a47-46f3-8bc5-f6d244bee8d2/download/ventas-mercado-aerokerosene-provincia.csv,""Refinaci√≥n y Comercializaci√≥n de petr√≥leo, gas y derivados (Tablas Din√°micas)"",,""Refinaci√≥n y Comercializaci√≥n de petr√≥leo, gas y derivados (Tablas Din√°micas)"",Tablas Din√°micas SESCO Downstream.,""Comercializaci√≥n de Hidrocarburos L√≠quidos,Comercio Exterior,Refinaci√≥n de Hidrocarburos"",2010-01-01,2019-03-01,111,46,True,163.0,363.0,-0.5509641873278237,True,154,0,0,2"
"energia,5bdc436c-60d4-4c86-98ab-59834d047700,3da9b172-1a47-46f3-8bc5-f6d244bee8d2,VENTAS_AL_MERCADO_AERO_8,R/P1M,ventas_al_mercado_aero_entre_rios,m3,Ventas al mercado de Aerokerosene:  Entre R√≠os,Serie hist√≥rica de ventas de aerokerosene por provincia (excluye ventas a empresas del sector),Secretar√≠a de Energ√≠a. Subsecretar√≠a de Transici√≥n y Planeamiento Energ√©tico. Direcci√≥n Nacional de Escenarios y Evaluaci√≥n de Proyectos. Direcci√≥n de Informaci√≥n Energ√©tica.Tecnolog√≠a de la Informaci√≥n.,http://datos.energia.gob.ar/dataset/5bdc436c-60d4-4c86-98ab-59834d047700/resource/3da9b172-1a47-46f3-8bc5-f6d244bee8d2/download/ventas-mercado-aerokerosene-provincia.csv,""Refinaci√≥n y Comercializaci√≥n de petr√≥leo, gas y derivados (Tablas Din√°micas)"",,""Refinaci√≥n y Comercializaci√≥n de petr√≥leo, gas y derivados (Tablas Din√°micas)"",Tablas Din√°micas SESCO Downstream.,""Comercializaci√≥n de Hidrocarburos L√≠quidos,Comercio Exterior,Refinaci√≥n de Hidrocarburos"",2010-01-01,2019-03-01,111,46,True,55.0,130.0,-0.5769230769230769,True,159,0,0,2"
"energia,5bdc436c-60d4-4c86-98ab-59834d047700,3da9b172-1a47-46f3-8bc5-f6d244bee8d2,VENTAS_AL_MERCADO_AERO_9,R/P1M,ventas_al_mercado_aero_estado_nacional,m3,Ventas al mercado de Aerokerosene:  Estado Nacional,Serie hist√≥rica de ventas de aerokerosene por provincia (excluye ventas a empresas del sector),Secretar√≠a de Energ√≠a. Subsecretar√≠a de Transici√≥n y Planeamiento Energ√©tico. Direcci√≥n Nacional de Escenarios y Evaluaci√≥n de Proyectos. Direcci√≥n de Informaci√≥n Energ√©tica.Tecnolog√≠a de la Informaci√≥n.,http://datos.energia.gob.ar/dataset/5bdc436c-60d4-4c86-98ab-59834d047700/resource/3da9b172-1a47-46f3-8bc5-f6d244bee8d2/download/ventas-mercado-aerokerosene-provincia.csv,""Refinaci√≥n y Comercializaci√≥n de petr√≥leo, gas y derivados (Tablas Din√°micas)"",,""Refinaci√≥n y Comercializaci√≥n de petr√≥leo, gas y derivados (Tablas Din√°micas)"",Tablas Din√°micas SESCO Downstream.,""Comercializaci√≥n de Hidrocarburos L√≠quidos,Comercio Exterior,Refinaci√≥n de Hidrocarburos"",2010-11-01,2018-09-01,95,46,True,nan,nan,nan,True,162,0,0,3"
"energia,5bdc436c-60d4-4c86-98ab-59834d047700,3da9b172-1a47-46f3-8bc5-f6d244bee8d2,ventas_mercado_aerokerose_provincia,R/P1M,indice_tiempo,,A√±o y mes,Serie hist√≥rica de ventas de aerokerosene por provincia (excluye ventas a empresas del sector),Secretar√≠a de Energ√≠a. Subsecretar√≠a de Transici√≥n y Planeamiento Energ√©tico. Direcci√≥n Nacional de Escenarios y Evaluaci√≥n de Proyectos. Direcci√≥n de Informaci√≥n Energ√©tica.Tecnolog√≠a de la Informaci√≥n.,http://datos.energia.gob.ar/dataset/5bdc436c-60d4-4c86-98ab-59834d047700/resource/3da9b172-1a47-46f3-8bc5-f6d244bee8d2/download/ventas-mercado-aerokerosene-provincia.csv,""Refinaci√≥n y Comercializaci√≥n de petr√≥leo, gas y derivados (Tablas Din√°micas)"",,""Refinaci√≥n y Comercializaci√≥n de petr√≥leo, gas y derivados (Tablas Din√°micas)"",Tablas Din√°micas SESCO Downstream.,""Comercializaci√≥n de Hidrocarburos L√≠quidos,Comercio Exterior,Refinaci√≥n de Hidrocarburos"",,,,,,,,,False,0,0,0,0"
"energia,5bdc436c-60d4-4c86-98ab-59834d047700,3da9b172-1a47-46f3-8bc5-f6d244bee8d2,ventas_mercado_aerokerosene_buenos_aires,R/P1M,ventas_mercado_aerokerosene_buenos_aires,m3,Ventas al mercado de aerokerosene:  Buenos Aires,Serie hist√≥rica de ventas de aerokerosene por provincia (excluye ventas a empresas del sector),Secretar√≠a de Energ√≠a. Subsecretar√≠a de Transici√≥n y Planeamiento Energ√©tico. Direcci√≥n Nacional de Escenarios y Evaluaci√≥n de Proyectos. Direcci√≥n de Informaci√≥n Energ√©tica.Tecnolog√≠a de la Informaci√≥n.,http://datos.energia.gob.ar/dataset/5bdc436c-60d4-4c86-98ab-59834d047700/resource/3da9b172-1a47-46f3-8bc5-f6d244bee8d2/download/ventas-mercado-aerokerosene-provincia.csv,""Refinaci√≥n y Comercializaci√≥n de petr√≥leo, gas y derivados (Tablas Din√°micas)"",,""Refinaci√≥n y Comercializaci√≥n de petr√≥leo, gas y derivados (Tablas Din√°micas)"",Tablas Din√°micas SESCO Downstream.,""Comercializaci√≥n de Hidrocarburos L√≠quidos,Comercio Exterior,Refinaci√≥n de Hidrocarburos"",2010-01-01,2019-03-01,111,2241,False,8563.0,8369.0,0.023180786234914486,False,6287,15,40,81"
"energia,5bdc436c-60d4-4c86-98ab-59834d047700,3da9b172-1a47-46f3-8bc5-f6d244bee8d2,ventas_mercado_aerokerosene_capital_federal,R/P1M,ventas_mercado_aerokerosene_capital_federal,m3,Ventas al mercado de aerokerosene:  Capital Federal,Serie hist√≥rica de ventas de aerokerosene por provincia (excluye ventas a empresas del sector),Secretar√≠a de Energ√≠a. Subsecretar√≠a de Transici√≥n y Planeamiento Energ√©tico. Direcci√≥n Nacional de Escenarios y Evaluaci√≥n de Proyectos. Direcci√≥n de Informaci√≥n Energ√©tica.Tecnolog√≠a de la Informaci√≥n.,http://datos.energia.gob.ar/dataset/5bdc436c-60d4-4c86-98ab-59834d047700/resource/3da9b172-1a47-46f3-8bc5-f6d244bee8d2/download/ventas-mercado-aerokerosene-provincia.csv,""Refinaci√≥n y Comercializaci√≥n de petr√≥leo, gas y derivados (Tablas Din√°micas)"",,""Refinaci√≥n y Comercializaci√≥n de petr√≥leo, gas y derivados (Tablas Din√°micas)"",Tablas Din√°micas SESCO Downstream.,""Comercializaci√≥n de Hidrocarburos L√≠quidos,Comercio Exterior,Refinaci√≥n de Hidrocarburos"",2010-01-01,2019-03-01,111,2241,False,31357.0,26049.0,0.20376981841913322,False,1301,11,36,75"
"energia,5bdc436c-60d4-4c86-98ab-59834d047700,3da9b172-1a47-46f3-8bc5-f6d244bee8d2,ventas_mercado_aerokerosene_catamarca,R/P1M,ventas_mercado_aerokerosene_catamarca,m3,Ventas al mercado de aerokerosene:  Catamarca,Serie hist√≥rica de ventas de aerokerosene por provincia (excluye ventas a empresas del sector),Secretar√≠a de Energ√≠a. Subsecretar√≠a de Transici√≥n y Planeamiento Energ√©tico. Direcci√≥n Nacional de Escenarios y Evaluaci√≥n de Proyectos. Direcci√≥n de Informaci√≥n Energ√©tica.Tecnolog√≠a de la Informaci√≥n.,http://datos.energia.gob.ar/dataset/5bdc436c-60d4-4c86-98ab-59834d047700/resource/3da9b172-1a47-46f3-8bc5-f6d244bee8d2/download/ventas-mercado-aerokerosene-provincia.csv,""Refinaci√≥n y Comercializaci√≥n de petr√≥leo, gas y derivados (Tablas Din√°micas)"",,""Refinaci√≥n y Comercializaci√≥n de petr√≥leo, gas y derivados (Tablas Din√°micas)"",Tablas Din√°micas SESCO Downstream.,""Comercializaci√≥n de Hidrocarburos L√≠quidos,Comercio Exterior,Refinaci√≥n de Hidrocarburos"",2010-01-01,2019-03-01,111,2241,False,65.0,96.0,-0.32291666666666663,False,1012,12,35,69"
"energia,5bdc436c-60d4-4c86-98ab-59834d047700,3da9b172-1a47-46f3-8bc5-f6d244bee8d2,ventas_mercado_aerokerosene_chaco,R/P1M,ventas_mercado_aerokerosene_chaco,m3,Ventas al mercado de aerokerosene:  Chaco,Serie hist√≥rica de ventas de aerokerosene por provincia (excluye ventas a empresas del sector),Secretar√≠a de Energ√≠a. Subsecretar√≠a de Transici√≥n y Planeamiento Energ√©tico. Direcci√≥n Nacional de Escenarios y Evaluaci√≥n de Proyectos. Direcci√≥n de Informaci√≥n Energ√©tica.Tecnolog√≠a de la Informaci√≥n.,http://datos.energia.gob.ar/dataset/5bdc436c-60d4-4c86-98ab-59834d047700/resource/3da9b172-1a47-46f3-8bc5-f6d244bee8d2/download/ventas-mercado-aerokerosene-provincia.csv,""Refinaci√≥n y Comercializaci√≥n de petr√≥leo, gas y derivados (Tablas Din√°micas)"",,""Refinaci√≥n y Comercializaci√≥n de petr√≥leo, gas y derivados (Tablas Din√°micas)"",Tablas Din√°micas SESCO Downstream.,""Comercializaci√≥n de Hidrocarburos L√≠quidos,Comercio Exterior,Refinaci√≥n de Hidrocarburos"",2010-01-01,2019-03-01,111,2241,False,285.0,302.0,-0.056291390728476776,False,1276,14,35,76"
"energia,5bdc436c-60d4-4c86-98ab-59834d047700,3da9b172-1a47-46f3-8bc5-f6d244bee8d2,ventas_mercado_aerokerosene_chubut,R/P1M,ventas_mercado_aerokerosene_chubut,m3,Ventas al mercado de aerokerosene:  Chubut,Serie hist√≥rica de ventas de aerokerosene por provincia (excluye ventas a empresas del sector),Secretar√≠a de Energ√≠a. Subsecretar√≠a de Transici√≥n y Planeamiento Energ√©tico. Direcci√≥n Nacional de Escenarios y Evaluaci√≥n de Proyectos. Direcci√≥n de Informaci√≥n Energ√©tica.Tecnolog√≠a de la Informaci√≥n.,http://datos.energia.gob.ar/dataset/5bdc436c-60d4-4c86-98ab-59834d047700/resource/3da9b172-1a47-46f3-8bc5-f6d244bee8d2/download/ventas-mercado-aerokerosene-provincia.csv,""Refinaci√≥n y Comercializaci√≥n de petr√≥leo, gas y derivados (Tablas Din√°micas)"",,""Refinaci√≥n y Comercializaci√≥n de petr√≥leo, gas y derivados (Tablas Din√°micas)"",Tablas Din√°micas SESCO Downstream.,""Comercializaci√≥n de Hidrocarburos L√≠quidos,Comercio Exterior,Refinaci√≥n de Hidrocarburos"",2010-01-01,2019-03-01,111,2241,False,2200.0,2459.0,-0.10532736884912564,False,1394,13,37,77"
"energia,5bdc436c-60d4-4c86-98ab-59834d047700,3da9b172-1a47-46f3-8bc5-f6d244bee8d2,ventas_mercado_aerokerosene_cordoba,R/P1M,ventas_mercado_aerokerosene_cordoba,m3,Ventas al mercado de aerokerosene:  C√≥rdoba,Serie hist√≥rica de ventas de aerokerosene por provincia (excluye ventas a empresas del sector),Secretar√≠a de Energ√≠a. Subsecretar√≠a de Transici√≥n y Planeamiento Energ√©tico. Direcci√≥n Nacional de Escenarios y Evaluaci√≥n de Proyectos. Direcci√≥n de Informaci√≥n Energ√©tica.Tecnolog√≠a de la Informaci√≥n.,http://datos.energia.gob.ar/dataset/5bdc436c-60d4-4c86-98ab-59834d047700/resource/3da9b172-1a47-46f3-8bc5-f6d244bee8d2/download/ventas-mercado-aerokerosene-provincia.csv,""Refinaci√≥n y Comercializaci√≥n de petr√≥leo, gas y derivados (Tablas Din√°micas)"",,""Refinaci√≥n y Comercializaci√≥n de petr√≥leo, gas y derivados (Tablas Din√°micas)"",Tablas Din√°micas SESCO Downstream.,""Comercializaci√≥n de Hidrocarburos L√≠quidos,Comercio Exterior,Refinaci√≥n de Hidrocarburos"",2010-01-01,2019-03-01,111,2241,False,3813.0,3715.0,0.02637954239569318,False,1240,12,35,74"
"energia,5bdc436c-60d4-4c86-98ab-59834d047700,3da9b172-1a47-46f3-8bc5-f6d244bee8d2,ventas_mercado_aerokerosene_corrientes,R/P1M,ventas_mercado_aerokerosene_corrientes,m3,Ventas al mercado de aerokerosene:  Corrientes,Serie hist√≥rica de ventas de aerokerosene por provincia (excluye ventas a empresas del sector),Secretar√≠a de Energ√≠a. Subsecretar√≠a de Transici√≥n y Planeamiento Energ√©tico. Direcci√≥n Nacional de Escenarios y Evaluaci√≥n de Proyectos. Direcci√≥n de Informaci√≥n Energ√©tica.Tecnolog√≠a de la Informaci√≥n.,http://datos.energia.gob.ar/dataset/5bdc436c-60d4-4c86-98ab-59834d047700/resource/3da9b172-1a47-46f3-8bc5-f6d244bee8d2/download/ventas-mercado-aerokerosene-provincia.csv,""Refinaci√≥n y Comercializaci√≥n de petr√≥leo, gas y derivados (Tablas Din√°micas)"",,""Refinaci√≥n y Comercializaci√≥n de petr√≥leo, gas y derivados (Tablas Din√°micas)"",Tablas Din√°micas SESCO Downstream.,""Comercializaci√≥n de Hidrocarburos L√≠quidos,Comercio Exterior,Refinaci√≥n de Hidrocarburos"",2010-01-01,2019-03-01,111,2241,False,163.0,363.0,-0.5509641873278237,False,1209,12,33,67"
"energia,5bdc436c-60d4-4c86-98ab-59834d047700,3da9b172-1a47-46f3-8bc5-f6d244bee8d2,ventas_mercado_aerokerosene_entre_rios,R/P1M,ventas_mercado_aerokerosene_entre_rios,m3,Ventas al mercado de aerokerosene:  Entre R√≠os,Serie hist√≥rica de ventas de aerokerosene por provincia (excluye ventas a empresas del sector),Secretar√≠a de Energ√≠a. Subsecretar√≠a de Transici√≥n y Planeamiento Energ√©tico. Direcci√≥n Nacional de Escenarios y Evaluaci√≥n de Proyectos. Direcci√≥n de Informaci√≥n Energ√©tica.Tecnolog√≠a de la Informaci√≥n.,http://datos.energia.gob.ar/dataset/5bdc436c-60d4-4c86-98ab-59834d047700/resource/3da9b172-1a47-46f3-8bc5-f6d244bee8d2/download/ventas-mercado-aerokerosene-provincia.csv,""Refinaci√≥n y Comercializaci√≥n de petr√≥leo, gas y derivados (Tablas Din√°micas)"",,""Refinaci√≥n y Comercializaci√≥n de petr√≥leo, gas y derivados (Tablas Din√°micas)"",Tablas Din√°micas SESCO Downstream.,""Comercializaci√≥n de Hidrocarburos L√≠quidos,Comercio Exterior,Refinaci√≥n de Hidrocarburos"",2010-01-01,2019-03-01,111,2241,False,55.0,130.0,-0.5769230769230769,False,1162,11,37,72"
"energia,5bdc436c-60d4-4c86-98ab-59834d047700,3da9b172-1a47-46f3-8bc5-f6d244bee8d2,ventas_mercado_aerokerosene_estado_nacional,R/P1M,ventas_mercado_aerokerosene_estado_nacional,m3,Ventas al mercado de aerokerosene:  Estado Nacional,Serie hist√≥rica de ventas de aerokerosene por provincia (excluye ventas a empresas del sector),Secretar√≠a de Energ√≠a. Subsecretar√≠a de Transici√≥n y Planeamiento Energ√©tico. Direcci√≥n Nacional de Escenarios y Evaluaci√≥n de Proyectos. Direcci√≥n de Informaci√≥n Energ√©tica.Tecnolog√≠a de la Informaci√≥n.,http://datos.energia.gob.ar/dataset/5bdc436c-60d4-4c86-98ab-59834d047700/resource/3da9b172-1a47-46f3-8bc5-f6d244bee8d2/download/ventas-mercado-aerokerosene-provincia.csv,""Refinaci√≥n y Comercializaci√≥n de petr√≥leo, gas y derivados (Tablas Din√°micas)"",,""Refinaci√≥n y Comercializaci√≥n de petr√≥leo, gas y derivados (Tablas Din√°micas)"",Tablas Din√°micas SESCO Downstream.,""Comercializaci√≥n de Hidrocarburos L√≠quidos,Comercio Exterior,Refinaci√≥n de Hidrocarburos"",2010-11-01,2018-09-01,95,2241,False,0.0,0.0,nan,False,6149,17,44,88"
"energia,5bdc436c-60d4-4c86-98ab-59834d047700,3da9b172-1a47-46f3-8bc5-f6d244bee8d2,ventas_mercado_aerokerosene_formosa,R/P1M,ventas_mercado_aerokerosene_formosa,m3,Ventas al mercado de aerokerosene:  Formosa,Serie hist√≥rica de ventas de aerokerosene por provincia (excluye ventas a empresas del sector),Secretar√≠a de Energ√≠a. Subsecretar√≠a de Transici√≥n y Planeamiento Energ√©tico. Direcci√≥n Nacional de Escenarios y Evaluaci√≥n de Proyectos. Direcci√≥n de Informaci√≥n Energ√©tica.Tecnolog√≠a de la Informaci√≥n.,http://datos.energia.gob.ar/dataset/5bdc436c-60d4-4c86-98ab-59834d047700/resource/3da9b172-1a47-46f3-8bc5-f6d244bee8d2/download/ventas-mercado-aerokerosene-provincia.csv,""Refinaci√≥n y Comercializaci√≥n de petr√≥leo, gas y derivados (Tablas Din√°micas)"",,""Refinaci√≥n y Comercializaci√≥n de petr√≥leo, gas y derivados (Tablas Din√°micas)"",Tablas Din√°micas SESCO Downstream.,""Comercializaci√≥n de Hidrocarburos L√≠quidos,Comercio Exterior,Refinaci√≥n de Hidrocarburos"",2010-01-01,2019-03-01,111,2241,False,68.0,151.0,-0.5496688741721854,False,1104,11,33,71"
"energia,5bdc436c-60d4-4c86-98ab-59834d047700,3da9b172-1a47-46f3-8bc5-f6d244bee8d2,ventas_mercado_aerokerosene_jujuy,R/P1M,ventas_mercado_aerokerosene_jujuy,m3,Ventas al mercado de aerokerosene:  Jujuy,Serie hist√≥rica de ventas de aerokerosene por provincia (excluye ventas a empresas del sector),Secretar√≠a de Energ√≠a. Subsecretar√≠a de Transici√≥n y Planeamiento Energ√©tico. Direcci√≥n Nacional de Escenarios y Evaluaci√≥n de Proyectos. Direcci√≥n de Informaci√≥n Energ√©tica.Tecnolog√≠a de la Informaci√≥n.,http://datos.energia.gob.ar/dataset/5bdc436c-60d4-4c86-98ab-59834d047700/resource/3da9b172-1a47-46f3-8bc5-f6d244bee8d2/download/ventas-mercado-aerokerosene-provincia.csv,""Refinaci√≥n y Comercializaci√≥n de petr√≥leo, gas y derivados (Tablas Din√°micas)"",,""Refinaci√≥n y Comercializaci√≥n de petr√≥leo, gas y derivados (Tablas Din√°micas)"",Tablas Din√°micas SESCO Downstream.,""Comercializaci√≥n de Hidrocarburos L√≠quidos,Comercio Exterior,Refinaci√≥n de Hidrocarburos"",2010-01-01,2019-03-01,111,2241,False,449.0,636.0,-0.2940251572327044,False,1106,14,34,66"
"energia,5bdc436c-60d4-4c86-98ab-59834d047700,3da9b172-1a47-46f3-8bc5-f6d244bee8d2,ventas_mercado_aerokerosene_la_pampa,R/P1M,ventas_mercado_aerokerosene_la_pampa,m3,Ventas al mercado de aerokerosene:  La Pampa,Serie hist√≥rica de ventas de aerokerosene por provincia (excluye ventas a empresas del sector),Secretar√≠a de Energ√≠a. Subsecretar√≠a de Transici√≥n y Planeamiento Energ√©tico. Direcci√≥n Nacional de Escenarios y Evaluaci√≥n de Proyectos. Direcci√≥n de Informaci√≥n Energ√©tica.Tecnolog√≠a de la Informaci√≥n.,http://datos.energia.gob.ar/dataset/5bdc436c-60d4-4c86-98ab-59834d047700/resource/3da9b172-1a47-46f3-8bc5-f6d244bee8d2/download/ventas-mercado-aerokerosene-provincia.csv,""Refinaci√≥n y Comercializaci√≥n de petr√≥leo, gas y derivados (Tablas Din√°micas)"",,""Refinaci√≥n y Comercializaci√≥n de petr√≥leo, gas y derivados (Tablas Din√°micas)"",Tablas Din√°micas SESCO Downstream.,""Comercializaci√≥n de Hidrocarburos L√≠quidos,Comercio Exterior,Refinaci√≥n de Hidrocarburos"",2010-01-01,2019-03-01,111,2241,False,241.0,215.0,0.12093023255813962,False,1203,14,39,77"
"energia,5bdc436c-60d4-4c86-98ab-59834d047700,3da9b172-1a47-46f3-8bc5-f6d244bee8d2,ventas_mercado_aerokerosene_la_rioja,R/P1M,ventas_mercado_aerokerosene_la_rioja,m3,Ventas al mercado de aerokerosene:  La Rioja,Serie hist√≥rica de ventas de aerokerosene por provincia (excluye ventas a empresas del sector),Secretar√≠a de Energ√≠a. Subsecretar√≠a de Transici√≥n y Planeamiento Energ√©tico. Direcci√≥n Nacional de Escenarios y Evaluaci√≥n de Proyectos. Direcci√≥n de Informaci√≥n Energ√©tica.Tecnolog√≠a de la Informaci√≥n.,http://datos.energia.gob.ar/dataset/5bdc436c-60d4-4c86-98ab-59834d047700/resource/3da9b172-1a47-46f3-8bc5-f6d244bee8d2/download/ventas-mercado-aerokerosene-provincia.csv,""Refinaci√≥n y Comercializaci√≥n de petr√≥leo, gas y derivados (Tablas Din√°micas)"",,""Refinaci√≥n y Comercializaci√≥n de petr√≥leo, gas y derivados (Tablas Din√°micas)"",Tablas Din√°micas SESCO Downstream.,""Comercializaci√≥n de Hidrocarburos L√≠quidos,Comercio Exterior,Refinaci√≥n de Hidrocarburos"",2010-01-01,2019-03-01,111,2241,False,109.0,95.0,0.1473684210526316,False,846,10,28,53"
"energia,5bdc436c-60d4-4c86-98ab-59834d047700,3da9b172-1a47-46f3-8bc5-f6d244bee8d2,ventas_mercado_aerokerosene_mendoza,R/P1M,ventas_mercado_aerokerosene_mendoza,m3,Ventas al mercado de aerokerosene:  Mendoza,Serie hist√≥rica de ventas de aerokerosene por provincia (excluye ventas a empresas del sector),Secretar√≠a de Energ√≠a. Subsecretar√≠a de Transici√≥n y Planeamiento Energ√©tico. Direcci√≥n Nacional de Escenarios y Evaluaci√≥n de Proyectos. Direcci√≥n de Informaci√≥n Energ√©tica.Tecnolog√≠a de la Informaci√≥n.,http://datos.energia.gob.ar/dataset/5bdc436c-60d4-4c86-98ab-59834d047700/resource/3da9b172-1a47-46f3-8bc5-f6d244bee8d2/download/ventas-mercado-aerokerosene-provincia.csv,""Refinaci√≥n y Comercializaci√≥n de petr√≥leo, gas y derivados (Tablas Din√°micas)"",,""Refinaci√≥n y Comercializaci√≥n de petr√≥leo, gas y derivados (Tablas Din√°micas)"",Tablas Din√°micas SESCO Downstream.,""Comercializaci√≥n de Hidrocarburos L√≠quidos,Comercio Exterior,Refinaci√≥n de Hidrocarburos"",2010-01-01,2019-03-01,111,2241,False,2710.0,2226.0,0.21743036837376462,False,1198,10,33,69"
"energia,5bdc436c-60d4-4c86-98ab-59834d047700,3da9b172-1a47-46f3-8bc5-f6d244bee8d2,ventas_mercado_aerokerosene_misiones,R/P1M,ventas_mercado_aerokerosene_misiones,m3,Ventas al mercado de aerokerosene:  Misiones,Serie hist√≥rica de ventas de aerokerosene por provincia (excluye ventas a empresas del sector),Secretar√≠a de Energ√≠a. Subsecretar√≠a de Transici√≥n y Planeamiento Energ√©tico. Direcci√≥n Nacional de Escenarios y Evaluaci√≥n de Proyectos. Direcci√≥n de Informaci√≥n Energ√©tica.Tecnolog√≠a de la Informaci√≥n.,http://datos.energia.gob.ar/dataset/5bdc436c-60d4-4c86-98ab-59834d047700/resource/3da9b172-1a47-46f3-8bc5-f6d244bee8d2/download/ventas-mercado-aerokerosene-provincia.csv,""Refinaci√≥n y Comercializaci√≥n de petr√≥leo, gas y derivados (Tablas Din√°micas)"",,""Refinaci√≥n y Comercializaci√≥n de petr√≥leo, gas y derivados (Tablas Din√°micas)"",Tablas Din√°micas SESCO Downstream.,""Comercializaci√≥n de Hidrocarburos L√≠quidos,Comercio Exterior,Refinaci√≥n de Hidrocarburos"",2010-01-01,2019-03-01,111,2241,False,1260.0,2186.0,-0.42360475754803295,False,1132,11,32,64"
"energia,5bdc436c-60d4-4c86-98ab-59834d047700,3da9b172-1a47-46f3-8bc5-f6d244bee8d2,ventas_mercado_aerokerosene_neuquen,R/P1M,ventas_mercado_aerokerosene_neuquen,m3,Ventas al mercado de aerokerosene: Neuqu√©n,Serie hist√≥rica de ventas de aerokerosene por provincia (excluye ventas a empresas del sector),Secretar√≠a de Energ√≠a. Subsecretar√≠a de Transici√≥n y Planeamiento Energ√©tico. Direcci√≥n Nacional de Escenarios y Evaluaci√≥n de Proyectos. Direcci√≥n de Informaci√≥n Energ√©tica.Tecnolog√≠a de la Informaci√≥n.,http://datos.energia.gob.ar/dataset/5bdc436c-60d4-4c86-98ab-59834d047700/resource/3da9b172-1a47-46f3-8bc5-f6d244bee8d2/download/ventas-mercado-aerokerosene-provincia.csv,""Refinaci√≥n y Comercializaci√≥n de petr√≥leo, gas y derivados (Tablas Din√°micas)"",,""Refinaci√≥n y Comercializaci√≥n de petr√≥leo, gas y derivados (Tablas Din√°micas)"",Tablas Din√°micas SESCO Downstream.,""Comercializaci√≥n de Hidrocarburos L√≠quidos,Comercio Exterior,Refinaci√≥n de Hidrocarburos"",2010-01-01,2019-03-01,111,2241,False,4356.0,4700.0,-0.07319148936170217,False,1212,14,39,76"
"energia,5bdc436c-60d4-4c86-98ab-59834d047700,3da9b172-1a47-46f3-8bc5-f6d244bee8d2,ventas_mercado_aerokerosene_rio_negro,R/P1M,ventas_mercado_aerokerosene_rio_negro,m3,Ventas al mercado de aerokerosene:  R√≠o Negro,Serie hist√≥rica de ventas de aerokerosene por provincia (excluye ventas a empresas del sector),Secretar√≠a de Energ√≠a. Subsecretar√≠a de Transici√≥n y Planeamiento Energ√©tico. Direcci√≥n Nacional de Escenarios y Evaluaci√≥n de Proyectos. Direcci√≥n de Informaci√≥n Energ√©tica.Tecnolog√≠a de la Informaci√≥n.,http://datos.energia.gob.ar/dataset/5bdc436c-60d4-4c86-98ab-59834d047700/resource/3da9b172-1a47-46f3-8bc5-f6d244bee8d2/download/ventas-mercado-aerokerosene-provincia.csv,""Refinaci√≥n y Comercializaci√≥n de petr√≥leo, gas y derivados (Tablas Din√°micas)"",,""Refinaci√≥n y Comercializaci√≥n de petr√≥leo, gas y derivados (Tablas Din√°micas)"",Tablas Din√°micas SESCO Downstream.,""Comercializaci√≥n de Hidrocarburos L√≠quidos,Comercio Exterior,Refinaci√≥n de Hidrocarburos"",2010-01-01,2019-03-01,111,2241,False,34.0,56.0,-0.3928571428571429,False,1123,12,35,69"
"energia,5bdc436c-60d4-4c86-98ab-59834d047700,3da9b172-1a47-46f3-8bc5-f6d244bee8d2,ventas_mercado_aerokerosene_salta,R/P1M,ventas_mercado_aerokerosene_salta,m3,Ventas al mercado de aerokerosene:  Salta,Serie hist√≥rica de ventas de aerokerosene por provincia (excluye ventas a empresas del sector),Secretar√≠a de Energ√≠a. Subsecretar√≠a de Transici√≥n y Planeamiento Energ√©tico. Direcci√≥n Nacional de Escenarios y Evaluaci√≥n de Proyectos. Direcci√≥n de Informaci√≥n Energ√©tica.Tecnolog√≠a de la Informaci√≥n.,http://datos.energia.gob.ar/dataset/5bdc436c-60d4-4c86-98ab-59834d047700/resource/3da9b172-1a47-46f3-8bc5-f6d244bee8d2/download/ventas-mercado-aerokerosene-provincia.csv,""Refinaci√≥n y Comercializaci√≥n de petr√≥leo, gas y derivados (Tablas Din√°micas)"",,""Refinaci√≥n y Comercializaci√≥n de petr√≥leo, gas y derivados (Tablas Din√°micas)"",Tablas Din√°micas SESCO Downstream.,""Comercializaci√≥n de Hidrocarburos L√≠quidos,Comercio Exterior,Refinaci√≥n de Hidrocarburos"",2010-01-01,2019-03-01,111,2241,False,1827.0,1980.0,-0.07727272727272727,False,1174,14,35,74"
"energia,5bdc436c-60d4-4c86-98ab-59834d047700,3da9b172-1a47-46f3-8bc5-f6d244bee8d2,ventas_mercado_aerokerosene_san_juan,R/P1M,ventas_mercado_aerokerosene_san_juan,m3,Ventas al mercado de aerokerosene:  San Juan,Serie hist√≥rica de ventas de aerokerosene por provincia (excluye ventas a empresas del sector),Secretar√≠a de Energ√≠a. Subsecretar√≠a de Transici√≥n y Planeamiento Energ√©tico. Direcci√≥n Nacional de Escenarios y Evaluaci√≥n de Proyectos. Direcci√≥n de Informaci√≥n Energ√©tica.Tecnolog√≠a de la Informaci√≥n.,http://datos.energia.gob.ar/dataset/5bdc436c-60d4-4c86-98ab-59834d047700/resource/3da9b172-1a47-46f3-8bc5-f6d244bee8d2/download/ventas-mercado-aerokerosene-provincia.csv,""Refinaci√≥n y Comercializaci√≥n de petr√≥leo, gas y derivados (Tablas Din√°micas)"",,""Refinaci√≥n y Comercializaci√≥n de petr√≥leo, gas y derivados (Tablas Din√°micas)"",Tablas Din√°micas SESCO Downstream.,""Comercializaci√≥n de Hidrocarburos L√≠quidos,Comercio Exterior,Refinaci√≥n de Hidrocarburos"",2010-01-01,2019-03-01,111,2241,False,396.0,346.0,0.1445086705202312,False,1172,12,32,69"
"energia,5bdc436c-60d4-4c86-98ab-59834d047700,3da9b172-1a47-46f3-8bc5-f6d244bee8d2,ventas_mercado_aerokerosene_san_luis,R/P1M,ventas_mercado_aerokerosene_san_luis,m3,Ventas al mercado de aerokerosene:  San Luis,Serie hist√≥rica de ventas de aerokerosene por provincia (excluye ventas a empresas del sector),Secretar√≠a de Energ√≠a. Subsecretar√≠a de Transici√≥n y Planeamiento Energ√©tico. Direcci√≥n Nacional de Escenarios y Evaluaci√≥n de Proyectos. Direcci√≥n de Informaci√≥n Energ√©tica.Tecnolog√≠a de la Informaci√≥n.,http://datos.energia.gob.ar/dataset/5bdc436c-60d4-4c86-98ab-59834d047700/resource/3da9b172-1a47-46f3-8bc5-f6d244bee8d2/download/ventas-mercado-aerokerosene-provincia.csv,""Refinaci√≥n y Comercializaci√≥n de petr√≥leo, gas y derivados (Tablas Din√°micas)"",,""Refinaci√≥n y Comercializaci√≥n de petr√≥leo, gas y derivados (Tablas Din√°micas)"",Tablas Din√°micas SESCO Downstream.,""Comercializaci√≥n de Hidrocarburos L√≠quidos,Comercio Exterior,Refinaci√≥n de Hidrocarburos"",2010-01-01,2019-03-01,111,2241,False,440.0,345.0,0.2753623188405796,False,1157,10,31,64"
"energia,5bdc436c-60d4-4c86-98ab-59834d047700,3da9b172-1a47-46f3-8bc5-f6d244bee8d2,ventas_mercado_aerokerosene_santa_cruz,R/P1M,ventas_mercado_aerokerosene_santa_cruz,m3,Ventas al mercado de aerokerosene:  Santa Cruz,Serie hist√≥rica de ventas de aerokerosene por provincia (excluye ventas a empresas del sector),Secretar√≠a de Energ√≠a. Subsecretar√≠a de Transici√≥n y Planeamiento Energ√©tico. Direcci√≥n Nacional de Escenarios y Evaluaci√≥n de Proyectos. Direcci√≥n de Informaci√≥n Energ√©tica.Tecnolog√≠a de la Informaci√≥n.,http://datos.energia.gob.ar/dataset/5bdc436c-60d4-4c86-98ab-59834d047700/resource/3da9b172-1a47-46f3-8bc5-f6d244bee8d2/download/ventas-mercado-aerokerosene-provincia.csv,""Refinaci√≥n y Comercializaci√≥n de petr√≥leo, gas y derivados (Tablas Din√°micas)"",,""Refinaci√≥n y Comercializaci√≥n de petr√≥leo, gas y derivados (Tablas Din√°micas)"",Tablas Din√°micas SESCO Downstream.,""Comercializaci√≥n de Hidrocarburos L√≠quidos,Comercio Exterior,Refinaci√≥n de Hidrocarburos"",2010-01-01,2019-03-01,111,2241,False,1735.0,2123.0,-0.18276024493641074,False,1139,13,35,73"
"energia,5bdc436c-60d4-4c86-98ab-59834d047700,3da9b172-1a47-46f3-8bc5-f6d244bee8d2,ventas_mercado_aerokerosene_santa_fe,R/P1M,ventas_mercado_aerokerosene_santa_fe,m3,Ventas al mercado de aerokerosene:  Santa Fe,Serie hist√≥rica de ventas de aerokerosene por provincia (excluye ventas a empresas del sector),Secretar√≠a de Energ√≠a. Subsecretar√≠a de Transici√≥n y Planeamiento Energ√©tico. Direcci√≥n Nacional de Escenarios y Evaluaci√≥n de Proyectos. Direcci√≥n de Informaci√≥n Energ√©tica.Tecnolog√≠a de la Informaci√≥n.,http://datos.energia.gob.ar/dataset/5bdc436c-60d4-4c86-98ab-59834d047700/resource/3da9b172-1a47-46f3-8bc5-f6d244bee8d2/download/ventas-mercado-aerokerosene-provincia.csv,""Refinaci√≥n y Comercializaci√≥n de petr√≥leo, gas y derivados (Tablas Din√°micas)"",,""Refinaci√≥n y Comercializaci√≥n de petr√≥leo, gas y derivados (Tablas Din√°micas)"",Tablas Din√°micas SESCO Downstream.,""Comercializaci√≥n de Hidrocarburos L√≠quidos,Comercio Exterior,Refinaci√≥n de Hidrocarburos"",2010-01-01,2019-03-01,111,2241,False,1250.0,1371.0,-0.0882567469000729,False,976,10,31,62"
"energia,5bdc436c-60d4-4c86-98ab-59834d047700,3da9b172-1a47-46f3-8bc5-f6d244bee8d2,ventas_mercado_aerokerosene_santiago_del_estero,R/P1M,ventas_mercado_aerokerosene_santiago_del_estero,m3,Ventas al mercado de aerokerosene: Santiago del Estero,Serie hist√≥rica de ventas de aerokerosene por provincia (excluye ventas a empresas del sector),Secretar√≠a de Energ√≠a. Subsecretar√≠a de Transici√≥n y Planeamiento Energ√©tico. Direcci√≥n Nacional de Escenarios y Evaluaci√≥n de Proyectos. Direcci√≥n de Informaci√≥n Energ√©tica.Tecnolog√≠a de la Informaci√≥n.,http://datos.energia.gob.ar/dataset/5bdc436c-60d4-4c86-98ab-59834d047700/resource/3da9b172-1a47-46f3-8bc5-f6d244bee8d2/download/ventas-mercado-aerokerosene-provincia.csv,""Refinaci√≥n y Comercializaci√≥n de petr√≥leo, gas y derivados (Tablas Din√°micas)"",,""Refinaci√≥n y Comercializaci√≥n de petr√≥leo, gas y derivados (Tablas Din√°micas)"",Tablas Din√°micas SESCO Downstream.,""Comercializaci√≥n de Hidrocarburos L√≠quidos,Comercio Exterior,Refinaci√≥n de Hidrocarburos"",2010-01-01,2019-03-01,111,2241,False,478.0,605.0,-0.20991735537190082,False,1229,11,35,78"
"energia,5bdc436c-60d4-4c86-98ab-59834d047700,3da9b172-1a47-46f3-8bc5-f6d244bee8d2,ventas_mercado_aerokerosene_tierra_del_fuego,R/P1M,ventas_mercado_aerokerosene_tierra_del_fuego,m3,Ventas al mercado de aerokerosene:  Tierra del Fuego,Serie hist√≥rica de ventas de aerokerosene por provincia (excluye ventas a empresas del sector),Secretar√≠a de Energ√≠a. Subsecretar√≠a de Transici√≥n y Planeamiento Energ√©tico. Direcci√≥n Nacional de Escenarios y Evaluaci√≥n de Proyectos. Direcci√≥n de Informaci√≥n Energ√©tica.Tecnolog√≠a de la Informaci√≥n.,http://datos.energia.gob.ar/dataset/5bdc436c-60d4-4c86-98ab-59834d047700/resource/3da9b172-1a47-46f3-8bc5-f6d244bee8d2/download/ventas-mercado-aerokerosene-provincia.csv,""Refinaci√≥n y Comercializaci√≥n de petr√≥leo, gas y derivados (Tablas Din√°micas)"",,""Refinaci√≥n y Comercializaci√≥n de petr√≥leo, gas y derivados (Tablas Din√°micas)"",Tablas Din√°micas SESCO Downstream.,""Comercializaci√≥n de Hidrocarburos L√≠quidos,Comercio Exterior,Refinaci√≥n de Hidrocarburos"",2010-01-01,2019-03-01,111,2241,False,2901.0,3328.0,-0.12830528846153844,False,945,10,32,66"
"energia,5bdc436c-60d4-4c86-98ab-59834d047700,3da9b172-1a47-46f3-8bc5-f6d244bee8d2,ventas_mercado_aerokerosene_total_pais,R/P1M,ventas_mercado_aerokerosene_total_pais,m3,Ventas al mercado de aerokerosene: Total Pa√≠s,Serie hist√≥rica de ventas de aerokerosene por provincia (excluye ventas a empresas del sector),Secretar√≠a de Energ√≠a. Subsecretar√≠a de Transici√≥n y Planeamiento Energ√©tico. Direcci√≥n Nacional de Escenarios y Evaluaci√≥n de Proyectos. Direcci√≥n de Informaci√≥n Energ√©tica.Tecnolog√≠a de la Informaci√≥n.,http://datos.energia.gob.ar/dataset/5bdc436c-60d4-4c86-98ab-59834d047700/resource/3da9b172-1a47-46f3-8bc5-f6d244bee8d2/download/ventas-mercado-aerokerosene-provincia.csv,""Refinaci√≥n y Comercializaci√≥n de petr√≥leo, gas y derivados (Tablas Din√°micas)"",,""Refinaci√≥n y Comercializaci√≥n de petr√≥leo, gas y derivados (Tablas Din√°micas)"",Tablas Din√°micas SESCO Downstream.,""Comercializaci√≥n de Hidrocarburos L√≠quidos,Comercio Exterior,Refinaci√≥n de Hidrocarburos"",2010-01-01,2019-03-01,111,2241,False,65866.0,63122.0,0.043471372896929816,False,6635,17,45,92"
"energia,5bdc436c-60d4-4c86-98ab-59834d047700,3da9b172-1a47-46f3-8bc5-f6d244bee8d2,ventas_mercado_aerokerosene_tucuman,R/P1M,ventas_mercado_aerokerosene_tucuman,m3,Ventas al mercado de aerokerosene:  Tucum√°n,Serie hist√≥rica de ventas de aerokerosene por provincia (excluye ventas a empresas del sector),Secretar√≠a de Energ√≠a. Subsecretar√≠a de Transici√≥n y Planeamiento Energ√©tico. Direcci√≥n Nacional de Escenarios y Evaluaci√≥n de Proyectos. Direcci√≥n de Informaci√≥n Energ√©tica.Tecnolog√≠a de la Informaci√≥n.,http://datos.energia.gob.ar/dataset/5bdc436c-60d4-4c86-98ab-59834d047700/resource/3da9b172-1a47-46f3-8bc5-f6d244bee8d2/download/ventas-mercado-aerokerosene-provincia.csv,""Refinaci√≥n y Comercializaci√≥n de petr√≥leo, gas y derivados (Tablas Din√°micas)"",,""Refinaci√≥n y Comercializaci√≥n de petr√≥leo, gas y derivados (Tablas Din√°micas)"",Tablas Din√°micas SESCO Downstream.,""Comercializaci√≥n de Hidrocarburos L√≠quidos,Comercio Exterior,Refinaci√≥n de Hidrocarburos"",2010-01-01,2019-03-01,111,2241,False,1111.0,1276.0,-0.1293103448275862,False,866,14,32,59"